20170817T,301.13000000,312.18000000,298.00000000,302.00000000,7030.71034000
20170818T,302.00000000,311.79000000,283.94000000,293.96000000,9537.84646000
20170819T,293.31000000,299.90000000,278.00000000,290.91000000,2146.19773000
20170820T,289.41000000,300.53000000,282.85000000,299.10000000,2510.13871000
20170821T,299.10000000,346.52000000,294.60000000,323.29000000,5219.44542000
20170822T,321.04000000,330.41000000,144.21000000,309.80000000,7956.35088000
20170823T,312.25000000,324.99000000,309.41000000,315.74000000,8665.72569000
20170824T,315.74000000,328.04000000,314.01000000,323.42000000,6753.27192000
20170825T,323.42000000,338.28000000,323.42000000,327.24000000,7125.96962000
20170826T,327.24000000,335.44000000,323.41000000,330.79000000,4877.68521000
20170827T,332.18000000,348.13000000,330.73000000,348.13000000,4635.43715000
20170828T,348.11000000,351.00000000,331.95000000,346.00000000,4279.18170000
20170829T,347.00000000,377.60000000,346.00000000,374.70000000,3032.13425000
20170830T,374.70000000,393.71000000,362.05000000,385.93000000,4446.59608000
20170831T,384.64000000,389.36000000,377.78000000,384.79000000,4435.86855000
20170901T,386.44000000,394.39000000,383.18000000,388.46000000,4198.68434000
20170902T,388.58000000,394.32000000,320.08000000,343.14000000,8240.32724000
20170903T,343.56000000,367.28000000,320.08000000,341.77000000,5253.62211000
20170904T,339.29000000,344.55000000,267.94000000,283.77000000,6737.81061000
20170905T,286.81000000,321.52000000,235.55000000,312.09000000,8344.41924000
20170906T,313.29000000,336.34000000,312.09000000,335.00000000,5486.30988000
20170907T,335.01000000,342.50000000,320.17000000,334.49000000,3103.89745000
20170908T,334.49000000,335.10000000,272.00000000,302.99000000,4915.75693000
20170909T,300.01000000,307.00000000,281.66000000,296.74000000,2740.58822000
20170910T,296.72000000,302.78000000,261.03000000,293.50000000,4156.45099000
20170911T,293.51000000,304.98000000,285.21000000,297.30000000,4829.64647000
20170912T,297.78000000,316.46000000,286.01000000,293.96000000,5176.31402000
20170913T,293.93000000,294.50000000,257.05000000,276.91000000,6451.22836000
20170914T,275.76000000,283.77000000,215.00000000,215.21000000,12601.95676000
20170915T,217.00000000,270.93000000,192.00000000,253.00000000,14223.89530000
20170916T,255.99000000,271.81000000,235.51000000,249.31000000,10362.06011000
20170917T,249.32000000,264.39000000,239.02000000,257.55000000,4614.53337000
20170918T,257.53000000,306.22000000,257.11000000,294.57000000,4125.97051000
20170919T,296.00000000,300.00000000,277.41000000,284.00000000,1869.90852000
20170920T,284.01000000,294.00000000,275.91000000,282.00000000,1060.56734000
20170921T,285.10000000,287.00000000,252.10000000,257.00000000,1912.55583000
20170922T,258.00000000,272.97000000,253.01000000,264.00000000,1464.51250000
20170923T,259.99000000,286.23000000,255.11000000,285.93000000,2824.33572000
20170924T,286.50000000,294.61000000,275.00000000,282.00000000,5575.54422000
20170925T,282.00000000,299.00000000,281.34000000,294.42000000,5870.48035000
20170926T,294.42000000,296.81000000,286.24000000,287.90000000,4566.92804000
20170927T,289.91000000,313.00000000,286.13000000,309.74000000,5518.10382000
20170928T,309.81000000,311.81000000,296.89000000,302.44000000,6600.90922000
20170929T,302.44000000,303.00000000,274.00000000,292.22000000,11089.19902000
20170930T,292.62000000,307.49000000,292.22000000,304.36000000,4020.60795000
20171001T,305.13000000,306.00000000,294.00000000,303.95000000,5060.05758000
20171002T,303.94000000,305.00000000,295.00000000,296.50000000,3710.83747000
20171003T,298.15000000,301.99000000,283.18000000,292.48000000,5546.85702000
20171004T,292.47000000,297.97000000,288.00000000,291.99000000,4014.88792000
20171005T,290.00000000,297.44000000,285.53000000,294.81000000,3412.39016000
20171006T,294.78000000,310.80000000,293.78000000,310.80000000,3541.02359000
20171007T,309.90000000,318.50000000,303.60000000,311.01000000,2165.79076000
20171008T,311.08000000,317.07000000,309.00000000,311.07000000,2960.93198000
20171009T,311.13000000,312.13000000,286.65000000,297.19000000,4885.37863000
20171010T,297.35000000,308.56000000,293.00000000,298.64000000,6749.27468000
20171011T,300.88000000,305.50000000,298.02000000,304.01000000,3724.68630000
20171012T,304.01000000,310.00000000,302.71000000,303.99000000,7827.75596000
20171013T,303.52000000,353.96000000,297.00000000,337.96000000,17925.36585000
20171014T,337.96000000,349.80000000,335.00000000,342.00000000,7731.96469000
20171015T,342.00000000,348.00000000,316.17000000,337.96000000,10011.34708000
20171016T,337.50000000,354.00000000,332.78000000,335.19000000,8663.47097000
20171017T,335.18000000,336.58000000,312.65000000,315.19000000,8146.74356000
20171018T,315.19000000,318.00000000,284.68000000,309.70000000,12908.04540000
20171019T,311.52000000,315.00000000,300.00000000,308.66000000,8678.74739000
20171020T,308.66000000,311.18000000,302.00000000,304.51000000,8739.31764000
20171021T,304.51000000,305.34000000,290.00000000,298.94000000,8591.63121000
20171022T,298.99000000,306.99000000,290.00000000,293.79000000,7173.06893000
20171023T,293.78000000,294.60000000,272.20000000,281.09000000,9658.78404000
20171024T,282.27000000,310.00000000,275.50000000,297.38000000,14066.67924000
20171025T,295.43000000,300.00000000,281.00000000,294.49000000,9703.09261000
20171026T,294.10000000,299.76000000,291.03000000,294.71000000,7813.02717000
20171027T,294.72000000,298.10000000,292.03000000,296.33000000,6272.14802000
20171028T,296.14000000,297.00000000,290.10000000,291.87000000,5848.86589000
20171029T,291.86000000,309.40000000,291.86000000,305.00000000,9019.13315000
20171030T,305.00000000,316.00000000,302.10000000,307.25000000,8946.12026000
20171031T,305.95000000,309.99000000,304.01000000,304.90000000,7640.41182000
20171101T,304.89000000,305.90000000,286.34000000,287.01000000,9843.16660000
20171102T,287.30000000,293.00000000,274.73000000,283.12000000,13423.85720000
20171103T,283.12000000,307.00000000,282.00000000,304.08000000,8194.03465000
20171104T,304.09000000,304.99000000,292.11000000,298.04000000,7828.41744000
20171105T,298.10000000,302.14000000,293.13000000,295.53000000,6638.42119000
20171106T,295.19000000,305.58000000,290.11000000,297.97000000,7515.50103000
20171107T,297.25000000,303.52000000,287.00000000,291.78000000,9418.57881000
20171108T,291.31000000,320.00000000,290.02000000,303.02000000,15961.85772000
20171109T,303.60000000,329.00000000,299.50000000,317.87000000,11151.29946000
20171110T,318.50000000,322.65000000,285.82000000,293.50000000,15597.16557000
20171111T,293.52000000,318.00000000,291.91000000,310.02000000,10850.16279000
20171112T,310.87000000,316.99000000,281.01000000,305.24000000,21123.15319000
20171113T,304.00000000,318.88000000,303.70000000,312.99000000,15551.67434000
20171114T,313.00000000,337.54000000,312.94000000,335.61000000,17709.22270000
20171115T,335.60000000,339.00000000,324.00000000,331.33000000,15597.16131000
20171116T,330.98000000,334.75000000,321.41000000,331.49000000,14145.71696000
20171117T,331.49000000,334.60000000,323.84000000,331.23000000,18042.02544000
20171118T,331.20000000,349.90000000,326.01000000,346.66000000,14361.49730000
20171119T,346.66000000,373.56000000,343.07000000,354.15000000,19397.74898000
20171120T,355.15000000,372.50000000,353.90000000,367.42000000,18277.01940000
20171121T,367.42000000,375.50000000,350.02000000,362.12000000,26237.64398000
20171122T,362.12000000,384.84000000,359.00000000,380.65000000,18121.58484000
20171123T,380.63000000,425.00000000,370.02000000,405.00000000,25409.00111000
20171124T,405.03000000,475.00000000,392.80000000,469.00000000,30398.35831000
20171125T,467.57000000,484.47000000,450.00000000,461.82000000,21428.63117000
20171126T,461.00000000,465.00000000,436.14000000,462.84000000,21691.11759000
20171127T,462.84000000,486.94000000,453.00000000,472.31000000,23761.11416000
20171128T,472.32000000,477.50000000,453.50000000,466.17000000,23967.24816000
20171129T,466.17000000,515.00000000,385.00000000,421.70000000,51313.49571000
20171130T,421.92000000,460.00000000,387.01000000,427.43000000,45184.22265000
20171201T,428.05000000,465.97000000,413.74000000,457.51000000,33072.21995000
20171202T,457.53000000,471.91000000,445.00000000,457.63000000,25796.14000000
20171203T,457.31000000,485.90000000,440.11000000,460.30000000,24490.05997000
20171204T,460.30000000,470.98000000,445.00000000,466.67000000,23182.65949000
20171205T,466.66000000,468.67000000,445.21000000,452.26000000,25387.11695000
20171206T,452.26000000,455.10000000,400.00000000,411.01000000,38638.76036000
20171207T,413.50000000,427.61000000,375.01000000,406.33000000,41343.73269000
20171208T,406.52000000,456.78000000,390.00000000,442.56000000,41064.60305000
20171209T,442.56000000,488.00000000,426.40000000,460.00000000,41918.34044000
20171210T,460.00000000,460.05000000,403.20000000,427.35000000,34919.25938000
20171211T,427.35000000,512.00000000,427.35000000,508.70000000,29763.16644000
20171212T,508.44000000,639.27000000,494.89000000,620.00000000,59387.02259000
20171213T,622.00000000,705.69000000,539.93000000,683.99000000,57694.18773000
20171214T,683.98000000,747.60000000,630.50000000,679.76000000,60919.26902000
20171215T,679.76000000,689.00000000,594.60000000,674.95000000,39778.16165000
20171216T,673.75000000,712.00000000,669.22000000,682.81000000,26866.05330000
20171217T,681.80000000,728.00000000,680.33000000,707.64000000,31398.44760000
20171218T,707.62000000,798.88000000,638.00000000,784.00000000,45673.70777000
20171219T,784.00000000,864.90000000,729.01000000,798.00000000,69423.62125000
20171220T,798.00000000,828.00000000,661.00000000,790.21000000,72526.28416000
20171221T,794.62000000,845.99000000,705.98000000,782.41000000,78222.53998000
20171222T,784.00000000,796.00000000,504.99000000,635.97000000,154630.49482000
20171223T,635.15000000,714.99000000,627.97000000,640.34000000,79001.05634000
20171224T,640.33000000,667.64000000,563.49000000,658.00000000,95431.94156000
20171225T,659.40000000,744.00000000,599.99000000,714.95000000,78544.84102000
20171226T,713.12000000,750.00000000,712.56000000,750.00000000,60052.47905000
20171227T,750.00000000,766.05000000,693.18000000,739.89000000,51339.27820000
20171228T,739.89000000,744.93000000,645.88000000,707.89000000,72679.61288000
20171229T,709.50000000,757.87000000,703.00000000,733.99000000,64028.12647000
20171230T,732.90000000,735.00000000,635.82000000,681.06000000,89879.99994000
20171231T,680.01000000,740.00000000,672.86000000,733.98000000,62628.24458000
20180101T,733.01000000,763.55000000,716.80000000,754.99000000,53909.25885000
20180102T,754.99000000,899.50000000,749.06000000,855.28000000,113257.78355000
20180103T,855.13000000,950.01000000,810.00000000,934.03000000,89041.45688000
20180104T,934.03000000,1009.72000000,890.01000000,940.00000000,102894.47384000
20180105T,940.00000000,1045.00000000,930.00000000,959.30000000,97374.01630000
20180106T,958.00000000,1017.56000000,950.00000000,1004.11000000,71954.27895000
20180107T,1003.71000000,1125.00000000,999.90000000,1123.09000000,65278.81957000
20180108T,1123.09000000,1239.18000000,910.00000000,1133.18000000,158831.54798000
20180109T,1133.18000000,1326.50000000,1104.85000000,1291.00000000,118702.88684000
20180110T,1291.00000000,1440.00000000,1201.10000000,1247.00000000,160185.01290000
20180111T,1249.03000000,1332.49000000,1021.00000000,1138.93000000,194546.29387000
20180112T,1136.45000000,1288.50000000,1069.01000000,1253.87000000,93763.47261000
20180113T,1253.87000000,1427.01000000,1252.00000000,1388.02000000,75893.43201000
20180114T,1388.10000000,1391.89000000,1220.89000000,1347.00000000,98391.19585000
20180115T,1347.99000000,1383.13000000,1258.12000000,1271.00000000,69236.70476000
20180116T,1268.67000000,1275.01000000,780.00000000,1000.00000000,343889.36509000
20180117T,999.99000000,1075.51000000,755.00000000,1000.00000000,436333.67326000
20180118T,1000.00000000,1075.20000000,924.21000000,994.00000000,294545.71207000
20180119T,993.30000000,1079.00000000,941.00000000,1032.50000000,167954.11253000
20180120T,1032.50000000,1165.40000000,1031.00000000,1152.75000000,123352.58362000
20180121T,1150.37000000,1152.69000000,998.00000000,1049.00000000,175031.00789000
20180122T,1049.00000000,1090.15000000,908.00000000,993.00000000,185212.52002000
20180123T,993.00000000,1030.00000000,909.00000000,980.00000000,160159.63958000
20180124T,981.20000000,1074.00000000,953.09000000,1061.00000000,134257.79470000
20180125T,1060.34000000,1115.00000000,1030.26000000,1056.52000000,119415.93495000
20180126T,1055.29000000,1082.00000000,986.00000000,1051.03000000,145113.63800000
20180127T,1051.03000000,1127.99000000,1032.20000000,1118.99000000,96894.33839000
20180128T,1118.99000000,1277.00000000,1112.00000000,1251.96000000,143510.73586000
20180129T,1251.96000000,1258.89000000,1161.65000000,1177.01000000,105292.76808000
20180130T,1177.01000000,1186.85000000,1051.00000000,1085.50000000,155278.55404000
20180131T,1084.63000000,1135.00000000,1029.00000000,1124.81000000,100372.03783000
20180201T,1125.96000000,1164.99000000,981.00000000,1041.94000000,203355.29052000
20180202T,1041.89000000,1047.20000000,783.67000000,922.30000000,377375.22874000
20180203T,923.67000000,998.00000000,851.00000000,971.00000000,160037.88129000
20180204T,971.00000000,975.00000000,789.00000000,823.56000000,186446.03160000
20180205T,821.60000000,862.47000000,634.94000000,697.92000000,365516.52899000
20180206T,697.93000000,798.00000000,570.10000000,779.25000000,648944.42040000
20180207T,779.99000000,849.00000000,714.18000000,754.00000000,356403.44410000
20180208T,753.19000000,786.93000000,751.00000000,781.66000000,10516.26190000
20180209T,781.66000000,882.20000000,781.66000000,877.00000000,95447.67289000
20180210T,876.30000000,911.20000000,800.00000000,851.15000000,214818.06768000
20180211T,851.15000000,857.00000000,768.28000000,808.99000000,189323.40800000
20180212T,808.58000000,877.56000000,807.46000000,866.66000000,143586.93121000
20180213T,866.39000000,871.00000000,820.00000000,841.57000000,110305.93537000
20180214T,841.57000000,924.99000000,841.30000000,919.09000000,150342.85558000
20180215T,919.09000000,946.66000000,895.59000000,924.55000000,155637.78524000
20180216T,924.55000000,948.48000000,901.36000000,938.67000000,115540.16349000
20180217T,938.60000000,974.00000000,933.48000000,969.99000000,110091.03618000
20180218T,969.99000000,978.50000000,897.00000000,911.00000000,160129.79518000
20180219T,911.00000000,956.22000000,906.04000000,938.11000000,80099.49534000
20180220T,939.17000000,961.00000000,873.00000000,882.99000000,120056.67502000
20180221T,882.99000000,908.88000000,812.87000000,835.89000000,176200.55151000
20180222T,836.35000000,871.96000000,786.60000000,801.49000000,137561.85113000
20180223T,801.47000000,885.00000000,785.99000000,851.60000000,154507.41338000
20180224T,851.59000000,875.00000000,805.00000000,833.94000000,89311.57940000
20180225T,833.92000000,849.50000000,813.18000000,841.19000000,59431.26474000
20180226T,841.46000000,882.00000000,833.00000000,867.98000000,74911.46560000
20180227T,867.98000000,897.49000000,860.69000000,870.11000000,63487.68425000
20180228T,871.84000000,891.00000000,850.30000000,853.50000000,53620.45209000
20180301T,853.50000000,879.96000000,848.65000000,870.63000000,43785.00503000
20180302T,870.63000000,876.22000000,850.00000000,856.28000000,39436.26006000
20180303T,856.27000000,870.78000000,852.30000000,856.02000000,34170.29420000
20180304T,856.51000000,868.00000000,836.24000000,866.66000000,29735.01829000
20180305T,866.61000000,871.75000000,847.20000000,849.84000000,30567.79813000
20180306T,849.81000000,853.18000000,803.01000000,813.11000000,48658.06883000
20180307T,813.31000000,826.20000000,718.40000000,749.90000000,109013.28380000
20180308T,749.02000000,772.07000000,684.00000000,695.46000000,76312.77819000
20180309T,695.48000000,727.92000000,640.00000000,723.71000000,116545.37303000
20180310T,723.65000000,745.00000000,673.06000000,680.58000000,63012.67972000
20180311T,680.58000000,735.00000000,659.15000000,720.85000000,73967.35869000
20180312T,721.00000000,740.50000000,676.31000000,697.11000000,67732.85988000
20180313T,696.52000000,713.76000000,680.00000000,689.94000000,55735.18315000
20180314T,690.16000000,703.54000000,585.00000000,610.10000000,89904.25415000
20180315T,610.10000000,621.12000000,570.00000000,608.83000000,94426.72453000
20180316T,608.83000000,625.30000000,584.15000000,599.05000000,64720.20994000
20180317T,599.03000000,609.26000000,544.00000000,546.95000000,68022.45920000
20180318T,547.98000000,560.00000000,450.00000000,537.00000000,248817.22600000
20180319T,537.39000000,560.00000000,515.80000000,556.88000000,184798.77062000
20180320T,556.88000000,567.87000000,515.00000000,557.00000000,135426.91549000
20180321T,557.00000000,590.52000000,545.11000000,559.17000000,117019.17321000
20180322T,559.15000000,578.60000000,516.00000000,539.92000000,111106.19916000
20180323T,539.78000000,544.72000000,506.71000000,543.03000000,106416.06746000
20180324T,543.20000000,545.99000000,518.63000000,520.22000000,87710.78945000
20180325T,521.17000000,536.00000000,512.00000000,523.74000000,71903.17130000
20180326T,523.95000000,527.67000000,465.56000000,485.00000000,151084.23688000
20180327T,485.00000000,491.55000000,446.00000000,448.50000000,138188.76042000
20180328T,448.50000000,466.00000000,440.14000000,446.67000000,89895.47885000
20180329T,446.07000000,449.43000000,380.00000000,384.00000000,225341.94316000
20180330T,383.87000000,412.04000000,366.00000000,392.43000000,292254.79437000
20180331T,392.40000000,419.40000000,388.52000000,393.92000000,167833.59399000
20180401T,393.93000000,399.91000000,356.90000000,378.58000000,150493.99422000
20180402T,378.58000000,394.87000000,375.00000000,385.05000000,113242.14191000
20180403T,385.00000000,419.08000000,380.13000000,415.01000000,137897.55565000
20180404T,415.00000000,416.50000000,370.00000000,378.16000000,140598.39668000
20180405T,378.15000000,387.03000000,365.61000000,381.22000000,120314.05875000
20180406T,381.56000000,385.91000000,362.54000000,368.89000000,74458.69141000
20180407T,368.89000000,394.75000000,368.28000000,384.51000000,71463.42848000
20180408T,384.51000000,404.05000000,384.00000000,400.40000000,57395.52936000
20180409T,400.40000000,431.99000000,387.10000000,399.44000000,151653.50413000
20180410T,399.25000000,418.68000000,391.40000000,416.07000000,81394.29605000
20180411T,415.53000000,433.54000000,410.38000000,429.52000000,86706.68627000
20180412T,429.90000000,499.00000000,412.88000000,495.67000000,249766.38316000
20180413T,494.30000000,530.00000000,480.22000000,495.11000000,251752.08782000
20180414T,494.69000000,515.00000000,485.58000000,502.68000000,121283.33380000
20180415T,502.68000000,535.00000000,502.51000000,533.88000000,108739.15395000
20180416T,533.88000000,538.00000000,497.31000000,511.46000000,130359.52549000
20180417T,512.09000000,521.20000000,500.02000000,502.56000000,96541.96382000
20180418T,502.56000000,526.99000000,501.12000000,526.09000000,73161.95251000
20180419T,526.49000000,571.61000000,521.03000000,568.14000000,112235.77328000
20180420T,568.14000000,622.17000000,556.50000000,617.09000000,160209.03951000
20180421T,616.80000000,624.50000000,570.23000000,604.87000000,159364.95353000
20180422T,604.87000000,643.49000000,589.00000000,620.92000000,120127.37280000
20180423T,620.67000000,649.11000000,618.02000000,645.09000000,77475.70793000
20180424T,644.58000000,712.99000000,643.76000000,701.58000000,171437.66972000
20180425T,701.16000000,703.30000000,593.83000000,618.00000000,341439.50428000
20180426T,617.73000000,666.19000000,600.00000000,661.51000000,155754.00815000
20180427T,661.51000000,686.82000000,635.73000000,643.46000000,134803.48389000
20180428T,643.41000000,694.90000000,638.76000000,682.86000000,113128.36337000
20180429T,683.50000000,700.49000000,665.28000000,690.85000000,110020.23869000
20180430T,690.85000000,695.30000000,662.20000000,670.78000000,112494.91720000
20180501T,670.78000000,675.60000000,627.58000000,672.00000000,133123.66675000
20180502T,671.99000000,691.99000000,663.00000000,688.56000000,86185.50330000
20180503T,688.55000000,792.08000000,685.39000000,779.00000000,229419.20900000
20180504T,779.00000000,810.00000000,756.91000000,785.99000000,179924.40215000
20180505T,785.80000000,832.66000000,781.56000000,819.50000000,128631.18764000
20180506T,819.50000000,839.99000000,752.49000000,794.30000000,166871.16002000
20180507T,794.30000000,799.14000000,701.00000000,752.49000000,284237.06328000
20180508T,753.00000000,777.00000000,720.02000000,748.99000000,135106.19621000
20180509T,748.99000000,760.74000000,710.26000000,751.75000000,112353.37758000
20180510T,752.40000000,769.88000000,720.00000000,722.52000000,102019.29933000
20180511T,722.52000000,737.23000000,663.00000000,676.96000000,216953.54991000
20180512T,676.96000000,690.20000000,633.20000000,684.11000000,166801.07487000
20180513T,684.56000000,742.00000000,666.31000000,729.08000000,136022.39207000
20180514T,729.08000000,743.90000000,686.00000000,727.49000000,183466.92240000
20180515T,727.49000000,740.00000000,695.00000000,704.91000000,127191.21863000
20180516T,704.91000000,712.84000000,673.52000000,706.29000000,118902.46895000
20180517T,706.80000000,719.25000000,662.00000000,667.62000000,106723.38375000
20180518T,667.62000000,694.90000000,656.00000000,692.60000000,106541.66307000
20180519T,693.26000000,717.80000000,682.31000000,697.00000000,88828.85641000
20180520T,697.00000000,729.88000000,688.40000000,716.16000000,86004.74090000
20180521T,716.16000000,720.46000000,688.00000000,696.70000000,96085.15451000
20180522T,697.10000000,699.60000000,637.32000000,640.99000000,107059.57690000
20180523T,640.86000000,669.00000000,560.00000000,577.19000000,257099.77096000
20180524T,577.19000000,612.10000000,550.00000000,602.18000000,195854.62497000
20180525T,602.08000000,617.46000000,568.70000000,585.55000000,118076.26273000
20180526T,585.56000000,607.62000000,578.32000000,586.00000000,77654.12532000
20180527T,586.03000000,592.00000000,557.43000000,570.40000000,97097.26713000
20180528T,570.81000000,576.20000000,506.11000000,511.50000000,153197.83278000
20180529T,511.50000000,573.43000000,510.00000000,567.36000000,189082.83788000
20180530T,567.09000000,585.83000000,541.20000000,557.19000000,122132.27010000
20180531T,557.87000000,586.73000000,552.98000000,577.81000000,100101.52276000
20180601T,577.81000000,590.26000000,564.93000000,579.00000000,83840.84162000
20180602T,579.00000000,599.17000000,572.90000000,590.85000000,80258.14719000
20180603T,590.85000000,628.81000000,590.10000000,619.66000000,84123.33235000
20180604T,619.66000000,625.47000000,580.15000000,591.02000000,96339.44507000
20180605T,591.02000000,614.00000000,570.36000000,609.05000000,89053.74351000
20180606T,609.29000000,613.35000000,593.40000000,607.40000000,70152.92117000
20180607T,606.68000000,618.00000000,598.24000000,605.16000000,60174.18880000
20180608T,605.20000000,608.45000000,593.33000000,598.68000000,49228.00755000
20180609T,599.29000000,608.97000000,591.00000000,592.87000000,38908.06530000
20180610T,592.44000000,592.87000000,501.13000000,524.11000000,190350.58429000
20180611T,524.64000000,535.51000000,508.66000000,531.69000000,145813.07819000
20180612T,531.08000000,538.88000000,482.00000000,493.00000000,158223.14812000
20180613T,493.00000000,501.97000000,449.06000000,475.47000000,181842.19417000
20180614T,475.47000000,529.00000000,460.00000000,519.29000000,206093.07330000
20180615T,519.30000000,521.00000000,481.62000000,487.48000000,160532.53607000
20180616T,487.47000000,503.28000000,483.72000000,496.74000000,131095.45173000
20180617T,496.45000000,507.60000000,492.70000000,497.14000000,117316.93221000
20180618T,497.15000000,524.48000000,487.27000000,517.95000000,143826.68272000
20180619T,517.77000000,548.20000000,510.01000000,537.97000000,148148.38064000
20180620T,537.68000000,542.02000000,515.08000000,536.49000000,123892.04240000
20180621T,536.34000000,544.98000000,521.11000000,526.18000000,79862.90544000
20180622T,526.32000000,526.44000000,450.00000000,462.09000000,212659.53437000
20180623T,462.40000000,481.00000000,455.00000000,473.41000000,94465.26834000
20180624T,473.40000000,475.81000000,419.53000000,454.41000000,198264.10079000
20180625T,454.29000000,474.47000000,444.37000000,458.70000000,122942.11650000
20180626T,459.04000000,460.81000000,429.00000000,429.34000000,84003.09976000
20180627T,429.81000000,445.95000000,420.19000000,441.64000000,99156.36437000
20180628T,441.36000000,443.96000000,416.45000000,420.22000000,112309.56714000
20180629T,420.48000000,442.00000000,404.48000000,434.77000000,159495.30942000
20180630T,434.77000000,463.15000000,434.51000000,454.09000000,157169.20242000
20180701T,454.20000000,457.77000000,443.73000000,452.10000000,111226.62846000
20180702T,452.14000000,481.83000000,444.16000000,476.25000000,182585.11018000
20180703T,476.32000000,486.98000000,457.00000000,461.82000000,186954.55478000
20180704T,461.78000000,482.70000000,458.02000000,467.38000000,101886.20199000
20180705T,467.19000000,480.00000000,458.80000000,467.87000000,125806.00830000
20180706T,467.79000000,476.00000000,451.29000000,470.47000000,100428.64802000
20180707T,470.48000000,487.99000000,461.50000000,485.57000000,83629.95382000
20180708T,485.57000000,495.98000000,482.05000000,486.77000000,144703.13626000
20180709T,486.55000000,488.98000000,468.20000000,471.71000000,89532.14109000
20180710T,471.73000000,473.23000000,427.69000000,432.48000000,173640.97620000
20180711T,432.55000000,452.69000000,424.20000000,444.99000000,159022.59726000
20180712T,444.99000000,445.36000000,416.94000000,431.14000000,181877.07924000
20180713T,431.14000000,442.47000000,424.62000000,432.46000000,150320.32532000
20180714T,432.43000000,440.00000000,428.26000000,433.19000000,122253.69397000
20180715T,433.20000000,455.00000000,430.52000000,449.78000000,140415.27048000
20180716T,449.79000000,480.57000000,444.03000000,478.49000000,172440.71343000
20180717T,478.49000000,512.00000000,465.29000000,498.76000000,215318.06761000
20180718T,498.89000000,515.47000000,468.01000000,479.41000000,236137.80710000
20180719T,479.40000000,484.15000000,462.57000000,468.57000000,171308.06705000
20180720T,468.70000000,471.02000000,440.00000000,449.04000000,160873.38244000
20180721T,449.04000000,468.97000000,441.18000000,460.23000000,74259.64067000
20180722T,460.23000000,472.20000000,454.19000000,457.47000000,60684.89595000
20180723T,457.47000000,469.82000000,447.11000000,450.05000000,106561.46081000
20180724T,450.05000000,484.27000000,448.47000000,479.28000000,158286.75900000
20180725T,479.24000000,485.77000000,464.00000000,472.10000000,170475.54936000
20180726T,472.11000000,485.00000000,460.00000000,462.64000000,173976.21920000
20180727T,462.17000000,474.00000000,455.84000000,470.09000000,198304.79211000
20180728T,470.09000000,472.00000000,460.82000000,469.29000000,156862.59361000
20180729T,468.44000000,472.00000000,461.60000000,466.40000000,138747.56334000
20180730T,466.40000000,469.79000000,446.10000000,456.23000000,179581.79415000
20180731T,456.19000000,457.30000000,427.00000000,432.22000000,214913.57229000
20180801T,432.20000000,434.99000000,406.55000000,420.41000000,209570.08440000
20180802T,420.37000000,425.52000000,407.43000000,410.62000000,178421.10672000
20180803T,410.62000000,420.01000000,396.61000000,417.52000000,201156.61154000
20180804T,417.58000000,419.53000000,401.86000000,407.21000000,179498.57515000
20180805T,407.21000000,413.24000000,400.16000000,408.79000000,158913.77206000
20180806T,408.77000000,413.28000000,397.08000000,405.28000000,166496.42465000
20180807T,405.19000000,412.76000000,369.19000000,378.21000000,207706.11078000
20180808T,378.20000000,380.42000000,347.25000000,355.48000000,275047.10788000
20180809T,355.48000000,369.90000000,350.51000000,363.30000000,244268.20567000
20180810T,363.21000000,365.87000000,325.95000000,331.81000000,264274.13378000
20180811T,331.88000000,332.98000000,304.45000000,317.69000000,335634.67243000
20180812T,317.49000000,327.13000000,313.42000000,317.89000000,135524.79994000
20180813T,317.96000000,321.99000000,280.68000000,283.81000000,307713.22214000
20180814T,283.81000000,283.81000000,250.00000000,278.41000000,485174.37541000
20180815T,278.47000000,304.45000000,276.30000000,281.12000000,438620.64156000
20180816T,281.46000000,298.60000000,277.55000000,287.17000000,235665.25510000
20180817T,286.84000000,318.00000000,285.00000000,317.51000000,342556.46068000
20180818T,317.51000000,321.33000000,281.79000000,294.11000000,384021.38829000
20180819T,294.10000000,307.40000000,288.20000000,299.42000000,288483.44841000
20180820T,299.30000000,304.04000000,269.50000000,270.51000000,219153.78936000
20180821T,270.51000000,285.90000000,269.70000000,281.21000000,224701.57671000
20180822T,281.09000000,298.89000000,259.50000000,270.80000000,403936.78303000
20180823T,270.68000000,280.30000000,267.55000000,275.99000000,277304.60909000
20180824T,276.06000000,283.10000000,270.22000000,281.19000000,271850.21373000
20180825T,281.05000000,282.71000000,275.99000000,277.55000000,253375.49477000
20180826T,277.54000000,277.91000000,268.69000000,274.29000000,232525.94970000
20180827T,274.17000000,288.15000000,271.59000000,287.71000000,281020.64727000
20180828T,287.71000000,298.00000000,282.66000000,295.44000000,318323.28971000
20180829T,295.44000000,297.00000000,283.55000000,288.40000000,324275.47324000
20180830T,288.35000000,291.00000000,271.88000000,283.89000000,336993.14413000
20180831T,283.90000000,289.00000000,276.59000000,281.41000000,302663.37038000
20180901T,281.46000000,302.00000000,281.34000000,295.71000000,294944.44010000
20180902T,295.80000000,299.33000000,288.87000000,295.41000000,153300.06112000
20180903T,295.51000000,296.62000000,285.99000000,289.09000000,274753.70062000
20180904T,289.09000000,292.64000000,283.00000000,285.30000000,330102.19000000
20180905T,285.18000000,287.62000000,227.00000000,228.53000000,528734.31960000
20180906T,228.28000000,233.19000000,212.00000000,229.70000000,552996.86567000
20180907T,229.73000000,234.69000000,213.50000000,215.22000000,398379.81741000
20180908T,215.19000000,220.20000000,190.01000000,196.71000000,318859.84904000
20180909T,196.87000000,208.60000000,185.02000000,195.81000000,429255.02592000
20180910T,196.13000000,203.42000000,187.10000000,197.15000000,418489.86663000
20180911T,197.22000000,200.20000000,176.16000000,185.18000000,476745.79216000
20180912T,185.14000000,185.22000000,167.32000000,183.12000000,504047.79165000
20180913T,183.17000000,215.00000000,183.15000000,210.68000000,739503.34051000
20180914T,210.91000000,224.20000000,202.60000000,208.82000000,833945.82573000
20180915T,208.55000000,227.42000000,207.64000000,221.29000000,441046.52933000
20180916T,221.62000000,223.50000000,208.10000000,220.17000000,425538.57709000
20180917T,220.24000000,225.00000000,192.40000000,196.16000000,825020.77445000
20180918T,196.25000000,215.47000000,193.47000000,208.17000000,584366.15014000
20180919T,208.42000000,214.84000000,197.58000000,209.79000000,496100.46639000
20180920T,209.79000000,226.68000000,205.56000000,224.00000000,573632.24236000
20180921T,224.00000000,252.11000000,220.66000000,247.73000000,841029.12948000
20180922T,247.67000000,255.13000000,232.70000000,241.01000000,423740.74030000
20180923T,241.01000000,249.73000000,237.00000000,244.50000000,235214.14917000
20180924T,244.54000000,246.20000000,225.30000000,228.06000000,350139.15050000
20180925T,228.06000000,228.10000000,203.61000000,219.62000000,710650.70970000
20180926T,219.50000000,223.60000000,207.50000000,214.42000000,613754.27743000
20180927T,214.38000000,234.00000000,205.01000000,229.13000000,582274.44087000
20180928T,229.10000000,234.42000000,215.53000000,221.84000000,618434.62488000
20180929T,221.89000000,237.77000000,214.18000000,231.62000000,604000.95586000
20180930T,231.62000000,239.00000000,226.50000000,232.94000000,432195.44084000
20181001T,233.04000000,235.88000000,224.46000000,231.61000000,322900.46128000
20181002T,231.62000000,232.51000000,223.37000000,225.69000000,401305.32707000
20181003T,225.70000000,226.43000000,216.51000000,220.77000000,275609.26221000
20181004T,220.67000000,227.16000000,219.49000000,222.66000000,158137.42967000
20181005T,222.66000000,231.75000000,219.35000000,228.37000000,137730.35786000
20181006T,228.36000000,228.86000000,223.15000000,225.40000000,100257.56970000
20181007T,225.39000000,227.75000000,221.48000000,226.14000000,74733.67253000
20181008T,226.26000000,232.70000000,224.21000000,230.01000000,210989.42202000
20181009T,230.01000000,231.02000000,226.56000000,228.40000000,100246.18430000
20181010T,228.40000000,228.78000000,224.05000000,226.74000000,122748.21412000
20181011T,226.70000000,226.91000000,189.01000000,191.58000000,497258.82871000
20181012T,191.55000000,201.87000000,190.04000000,196.96000000,216448.39220000
20181013T,196.96000000,202.78000000,196.27000000,201.30000000,107215.52620000
20181014T,201.39000000,203.56000000,194.33000000,197.01000000,110554.19361000
20181015T,196.84000000,239.00000000,194.60000000,214.39000000,973857.74770000
20181016T,214.39000000,219.95000000,211.55000000,215.09000000,145980.09837000
20181017T,215.20000000,216.99000000,210.00000000,212.85000000,153768.85024000
20181018T,212.90000000,215.30000000,203.53000000,206.24000000,150229.60097000
20181019T,206.25000000,208.00000000,204.21000000,205.00000000,254660.48637000
20181020T,205.10000000,209.69000000,203.57000000,207.91000000,62376.69680000
20181021T,207.91000000,211.99000000,206.74000000,207.49000000,83277.36128000
20181022T,207.46000000,209.30000000,205.00000000,206.67000000,206046.89963000
20181023T,206.67000000,207.80000000,202.14000000,205.85000000,112753.04140000
20181024T,205.85000000,207.95000000,204.73000000,205.35000000,97128.82698000
20181025T,205.35000000,205.94000000,202.88000000,203.93000000,77411.57217000
20181026T,203.84000000,209.00000000,203.00000000,204.92000000,91143.83291000
20181027T,204.92000000,206.15000000,203.09000000,204.45000000,50235.68329000
20181028T,204.45000000,205.94000000,203.62000000,204.99000000,44394.83357000
20181029T,204.99000000,205.49000000,195.28000000,196.96000000,118281.82272000
20181030T,196.95000000,198.60000000,195.91000000,197.27000000,83633.81463000
20181031T,197.24000000,201.45000000,193.01000000,198.73000000,114739.70424000
20181101T,198.70000000,200.95000000,197.88000000,199.96000000,86097.98629000
20181102T,199.93000000,203.74000000,199.34000000,202.35000000,97123.22813000
20181103T,202.31000000,202.69000000,198.59000000,200.31000000,72084.92932000
20181104T,200.27000000,218.76000000,199.00000000,212.11000000,182534.62160000
20181105T,212.13000000,213.39000000,207.62000000,210.66000000,141432.14060000
20181106T,210.64000000,221.25000000,209.11000000,220.74000000,197797.49527000
20181107T,220.77000000,224.80000000,217.01000000,219.07000000,204931.03420000
20181108T,219.06000000,220.78000000,212.49000000,212.79000000,189828.49450000
20181109T,212.79000000,215.51000000,209.10000000,210.77000000,152215.94686000
20181110T,210.78000000,215.55000000,209.02000000,213.25000000,131384.47893000
20181111T,213.27000000,213.99000000,209.00000000,212.54000000,136268.81156000
20181112T,212.60000000,214.22000000,210.90000000,212.89000000,99963.97203000
20181113T,212.91000000,213.80000000,209.20000000,209.84000000,114466.36708000
20181114T,209.84000000,210.30000000,176.16000000,187.43000000,434676.16832000
20181115T,187.43000000,190.00000000,170.99000000,184.35000000,452416.10784000
20181116T,184.35000000,185.00000000,173.00000000,176.89000000,241710.34763000
20181117T,176.93000000,177.91000000,173.94000000,176.20000000,144804.70986000
20181118T,176.20000000,182.94000000,176.10000000,178.97000000,141736.32263000
20181119T,179.04000000,179.33000000,146.47000000,150.81000000,596789.83916000
20181120T,150.76000000,154.70000000,126.95000000,133.82000000,996552.28721000
20181121T,133.68000000,142.01000000,127.15000000,138.23000000,718957.78552000
20181122T,138.36000000,140.40000000,125.64000000,126.63000000,334674.07185000
20181123T,126.58000000,128.90000000,118.56000000,125.02000000,504352.24386000
20181124T,125.00000000,130.81000000,112.32000000,114.89000000,471321.56764000
20181125T,114.83000000,122.35000000,102.95000000,118.67000000,836233.31252000
20181126T,118.65000000,121.50000000,106.41000000,110.68000000,679477.36231000
20181127T,110.66000000,114.31000000,102.36000000,111.43000000,524024.40616000
20181128T,111.38000000,126.80000000,111.37000000,122.90000000,578552.74124000
20181129T,122.88000000,124.00000000,114.78000000,117.98000000,478777.39614000
20181130T,117.99000000,120.26000000,111.09000000,113.73000000,418593.63529000
20181201T,113.71000000,120.80000000,111.35000000,118.10000000,330159.06742000
20181202T,118.09000000,120.73000000,116.00000000,116.57000000,273657.62150000
20181203T,116.63000000,116.96000000,106.70000000,108.76000000,324446.03324000
20181204T,108.76000000,113.20000000,106.00000000,109.94000000,275321.00630000
20181205T,109.92000000,110.58000000,102.38000000,102.71000000,354071.53241000
20181206T,102.73000000,104.68000000,90.20000000,91.00000000,586138.59043000
20181207T,91.18000000,96.90000000,82.07000000,93.05000000,1030073.58467000
20181208T,93.06000000,98.00000000,84.55000000,90.38000000,698217.12529000
20181209T,90.39000000,98.70000000,88.63000000,93.26000000,520519.36023000
20181210T,93.26000000,95.21000000,88.11000000,89.91000000,408573.02929000
20181211T,89.88000000,91.65000000,85.83000000,87.76000000,339991.84246000
20181212T,87.77000000,91.31000000,86.63000000,89.41000000,285436.04029000
20181213T,89.39000000,90.71000000,84.71000000,86.34000000,331218.30083000
20181214T,86.35000000,87.25000000,82.20000000,83.82000000,318003.73427000
20181215T,83.82000000,85.00000000,81.79000000,83.76000000,217360.65775000
20181216T,83.75000000,87.64000000,83.73000000,84.67000000,241366.76305000
20181217T,84.68000000,97.00000000,84.40000000,94.02000000,472252.23388000
20181218T,94.03000000,101.30000000,91.34000000,100.39000000,529946.79175000
20181219T,100.39000000,107.55000000,97.75000000,98.74000000,827748.59096000
20181220T,98.73000000,116.00000000,97.88000000,114.05000000,859612.57205000
20181221T,113.71000000,118.00000000,104.76000000,107.69000000,666048.71786000
20181222T,107.67000000,115.50000000,105.38000000,115.20000000,405672.83117000
20181223T,115.18000000,131.94000000,114.91000000,129.03000000,936094.10490000
20181224T,129.03000000,157.67000000,128.80000000,138.03000000,1319609.81650000
20181225T,138.01000000,139.26000000,119.68000000,127.60000000,1076164.12809000
20181226T,127.61000000,135.32000000,122.51000000,129.35000000,794834.05601000
20181227T,129.35000000,131.09000000,111.22000000,113.80000000,752177.90111000
20181228T,113.75000000,136.66000000,111.87000000,135.30000000,894454.19051000
20181229T,135.30000000,145.42000000,128.50000000,132.89000000,1006654.49844000
20181230T,133.00000000,139.00000000,127.03000000,137.77000000,704259.41614000
20181231T,137.81000000,138.66000000,128.70000000,131.45000000,484604.83962000
20190101T,131.45000000,140.67000000,130.00000000,139.10000000,401776.88797000
20190102T,139.10000000,155.37000000,137.76000000,152.01000000,941486.31524000
20190103T,152.01000000,153.64000000,143.11000000,146.30000000,708091.31714000
20190104T,146.30000000,154.80000000,143.54000000,151.97000000,805248.93821000
20190105T,152.08000000,159.26000000,151.20000000,152.83000000,773169.13736000
20190106T,152.83000000,157.40000000,147.51000000,153.86000000,627908.47366000
20190107T,153.89000000,155.48000000,147.86000000,149.34000000,424765.30258000
20190108T,149.29000000,151.65000000,145.20000000,147.60000000,441661.06778000
20190109T,147.62000000,151.50000000,146.77000000,148.10000000,299443.56300000
20190110T,148.11000000,149.45000000,121.00000000,124.95000000,871751.75038000
20190111T,124.96000000,127.36000000,120.08000000,124.65000000,545293.98369000
20190112T,124.67000000,126.19000000,122.00000000,123.35000000,300262.13404000
20190113T,123.35000000,124.25000000,111.87000000,114.16000000,422561.96777000
20190114T,114.17000000,130.05000000,113.94000000,126.95000000,546420.40854000
20190115T,126.95000000,129.40000000,116.00000000,118.95000000,649020.52970000
20190116T,118.93000000,126.88000000,118.52000000,121.48000000,513486.65472000
20190117T,121.49000000,122.99000000,116.80000000,121.54000000,447535.22716000
20190118T,121.56000000,121.98000000,117.66000000,119.17000000,235646.68400000
20190119T,119.16000000,125.29000000,119.14000000,122.60000000,323303.79296000
20190120T,122.61000000,123.32000000,115.68000000,117.47000000,451792.85352000
20190121T,117.56000000,118.50000000,113.61000000,115.63000000,303632.93463000
20190122T,115.62000000,119.49000000,111.39000000,117.81000000,359542.63873000
20190123T,117.80000000,118.95000000,114.80000000,116.44000000,230247.61578000
20190124T,116.40000000,117.15000000,113.61000000,116.39000000,216242.29829000
20190125T,116.40000000,117.50000000,114.30000000,115.11000000,198617.08108000
20190126T,115.13000000,118.00000000,115.00000000,115.34000000,146216.82819000
20190127T,115.32000000,116.15000000,111.04000000,112.05000000,247369.60555000
20190128T,112.04000000,112.87000000,100.91000000,105.50000000,566205.78288000
20190129T,105.49000000,106.61000000,102.22000000,104.45000000,319768.91348000
20190130T,104.41000000,109.80000000,103.45000000,108.29000000,330968.19265000
20190131T,108.29000000,110.61000000,105.46000000,106.44000000,290679.61935000
20190201T,106.47000000,108.35000000,103.77000000,106.73000000,243149.88435000
20190202T,106.71000000,111.15000000,106.07000000,110.42000000,186908.75730000
20190203T,110.41000000,111.11000000,105.82000000,107.36000000,227211.54064000
20190204T,107.33000000,109.30000000,106.57000000,107.68000000,160850.10293000
20190205T,107.65000000,108.18000000,106.47000000,107.27000000,159730.18860000
20190206T,107.28000000,107.83000000,101.21000000,104.50000000,337204.30254000
20190207T,104.49000000,106.18000000,103.82000000,104.48000000,147942.07683000
20190208T,104.48000000,123.00000000,103.41000000,119.25000000,589950.64925000
20190209T,119.32000000,121.99000000,117.64000000,119.19000000,328067.95740000
20190210T,119.19000000,126.49000000,115.81000000,125.12000000,385819.09619000
20190211T,125.12000000,125.28000000,119.24000000,120.89000000,389405.30404000
20190212T,120.88000000,123.89000000,118.18000000,122.41000000,343765.66987000
20190213T,122.40000000,126.47000000,120.70000000,121.86000000,317827.31956000
20190214T,121.86000000,124.50000000,120.10000000,120.42000000,297205.78738000
20190215T,120.47000000,124.25000000,120.19000000,121.67000000,255296.08140000
20190216T,121.66000000,124.99000000,121.54000000,122.67000000,215320.70134000
20190217T,122.67000000,135.61000000,122.43000000,133.75000000,614788.60078000
20190218T,133.77000000,148.30000000,132.42000000,145.69000000,1079830.15020000
20190219T,145.69000000,150.00000000,142.36000000,143.44000000,747968.90445000
20190220T,143.45000000,149.52000000,139.60000000,148.44000000,614303.61007000
20190221T,148.42000000,149.61000000,142.70000000,145.69000000,447364.40873000
20190222T,145.68000000,148.85000000,143.85000000,147.36000000,366251.18542000
20190223T,147.40000000,159.60000000,145.78000000,157.79000000,588183.72896000
20190224T,157.75000000,166.00000000,131.70000000,132.10000000,1260506.80672000
20190225T,132.10000000,141.55000000,131.89000000,137.87000000,801147.09543000
20190226T,137.88000000,138.41000000,133.72000000,136.22000000,432944.17033000
20190227T,136.22000000,140.29000000,126.84000000,135.02000000,567202.61035000
20190228T,135.03000000,139.00000000,132.10000000,135.34000000,579327.31749000
20190301T,135.32000000,137.95000000,134.90000000,135.32000000,302632.02831000
20190302T,135.32000000,136.12000000,130.03000000,132.56000000,297005.28093000
20190303T,132.54000000,134.60000000,128.01000000,130.60000000,222453.28590000
20190304T,130.60000000,131.11000000,122.60000000,125.65000000,403947.79445000
20190305T,125.68000000,137.84000000,125.19000000,136.72000000,512631.23178000
20190306T,136.71000000,140.29000000,133.33000000,137.40000000,428826.87415000
20190307T,137.37000000,140.20000000,135.20000000,136.81000000,307336.49310000
20190308T,136.82000000,139.34000000,130.62000000,133.52000000,330283.58233000
20190309T,133.51000000,138.65000000,132.93000000,137.27000000,279861.12049000
20190310T,137.27000000,137.50000000,134.00000000,135.37000000,203965.16815000
20190311T,135.37000000,136.15000000,131.00000000,132.67000000,264587.00683000
20190312T,132.67000000,135.30000000,130.77000000,133.57000000,194905.96843000
20190313T,133.62000000,133.65000000,130.58000000,131.65000000,209456.09848000
20190314T,131.69000000,135.11000000,128.52000000,132.20000000,258413.81868000
20190315T,132.24000000,137.62000000,132.18000000,136.56000000,295832.26562000
20190316T,136.60000000,144.47000000,136.51000000,140.92000000,474664.10197000
20190317T,140.94000000,141.07000000,137.20000000,138.67000000,252697.08148000
20190318T,138.67000000,142.01000000,136.10000000,137.59000000,281718.96195000
20190319T,137.62000000,139.38000000,136.97000000,138.55000000,218577.45208000
20190320T,138.56000000,139.66000000,136.01000000,139.01000000,222883.51754000
20190321T,139.04000000,139.55000000,131.21000000,134.85000000,312531.39368000
20190322T,134.85000000,137.20000000,134.29000000,135.98000000,186119.74745000
20190323T,135.92000000,138.21000000,135.60000000,137.28000000,174710.43059000
20190324T,137.28000000,137.37000000,134.75000000,136.09000000,198490.45124000
20190325T,136.12000000,136.83000000,131.60000000,133.98000000,230880.28500000
20190326T,133.97000000,134.74000000,132.27000000,134.18000000,183139.11426000
20190327T,134.14000000,140.14000000,133.84000000,139.45000000,317167.45325000
20190328T,139.46000000,139.57000000,137.30000000,137.86000000,163185.69910000
20190329T,137.85000000,143.60000000,137.62000000,143.25000000,235853.04540000
20190330T,143.25000000,145.89000000,140.06000000,142.46000000,254798.70067000
20190331T,142.44000000,142.50000000,140.42000000,141.38000000,142469.21171000
20190401T,141.41000000,143.08000000,139.57000000,141.24000000,234310.19161000
20190402T,141.24000000,165.60000000,141.00000000,163.31000000,906868.85860000
20190403T,163.26000000,177.81000000,149.23000000,159.96000000,1345344.53845000
20190404T,159.96000000,164.00000000,152.80000000,157.36000000,686080.95248000
20190405T,157.33000000,167.83000000,155.94000000,164.77000000,516070.34553000
20190406T,164.84000000,172.77000000,159.20000000,165.50000000,528168.33297000
20190407T,165.56000000,175.43000000,164.06000000,174.21000000,465507.52497000
20190408T,174.29000000,185.87000000,170.90000000,178.72000000,873410.07285000
20190409T,178.71000000,179.17000000,171.05000000,174.60000000,431986.36108000
20190410T,174.58000000,183.77000000,168.00000000,177.12000000,523943.20498000
20190411T,177.12000000,177.48000000,158.27000000,164.07000000,661305.30321000
20190412T,164.06000000,166.50000000,158.11000000,163.19000000,316337.87823000
20190413T,163.20000000,165.37000000,160.74000000,162.99000000,179237.74574000
20190414T,162.99000000,168.11000000,161.20000000,167.23000000,186977.66211000
20190415T,167.21000000,168.81000000,155.70000000,159.95000000,351548.90790000
20190416T,159.91000000,166.73000000,159.41000000,165.37000000,240370.50441000
20190417T,165.41000000,167.28000000,163.78000000,165.75000000,227841.54981000
20190418T,165.75000000,175.20000000,165.04000000,173.33000000,396118.94407000
20190419T,173.34000000,173.55000000,168.59000000,172.64000000,320541.72166000
20190420T,172.66000000,176.97000000,169.87000000,172.88000000,253596.48407000
20190421T,172.89000000,173.48000000,164.82000000,168.59000000,283450.43943000
20190422T,168.59000000,172.30000000,167.00000000,170.52000000,269868.39876000
20190423T,170.52000000,175.83000000,167.78000000,169.16000000,363523.34531000
20190424T,169.15000000,169.87000000,159.26000000,164.78000000,426497.04153000
20190425T,164.78000000,165.49000000,150.35000000,154.72000000,422657.03239000
20190426T,154.70000000,162.56000000,151.40000000,157.95000000,500355.86283000
20190427T,157.93000000,166.24000000,156.35000000,159.31000000,215918.63842000
20190428T,159.32000000,160.24000000,156.92000000,157.85000000,152976.30181000
20190429T,157.86000000,159.05000000,152.00000000,155.11000000,243591.94898000
20190430T,155.14000000,162.89000000,155.11000000,161.83000000,305056.24653000
20190501T,161.85000000,163.88000000,158.36000000,160.19000000,192517.62763000
20190502T,160.20000000,163.48000000,158.50000000,161.81000000,289519.02025000
20190503T,161.82000000,170.86000000,160.99000000,168.06000000,416357.52123000
20190504T,168.10000000,171.30000000,159.76000000,163.70000000,312928.58349000
20190505T,163.71000000,165.36000000,159.18000000,163.05000000,176029.10445000
20190506T,163.05000000,178.05000000,157.55000000,173.00000000,506528.14278000
20190507T,172.98000000,182.76000000,167.89000000,169.18000000,732496.87861000
20190508T,169.07000000,173.17000000,164.80000000,170.85000000,296410.76103000
20190509T,170.88000000,173.88000000,166.57000000,170.90000000,284663.99456000
20190510T,170.96000000,176.70000000,168.46000000,172.91000000,425543.74021000
20190511T,172.92000000,205.23000000,172.92000000,190.20000000,885292.38389000
20190512T,190.20000000,204.32000000,181.00000000,188.11000000,823372.28148000
20190513T,188.07000000,206.87000000,185.32000000,195.84000000,669265.46524000
20190514T,195.83000000,219.81000000,194.19000000,216.40000000,864211.00603000
20190515T,216.40000000,250.27000000,216.21000000,248.10000000,574697.29927000
20190516T,248.06000000,279.76000000,241.76000000,264.25000000,1733360.89360000
20190517T,264.35000000,268.74000000,223.43000000,244.30000000,1529892.56898000
20190518T,244.31000000,248.00000000,230.62000000,233.60000000,673218.09982000
20190519T,233.57000000,264.00000000,231.77000000,259.51000000,823859.06342000
20190520T,259.37000000,259.49000000,238.00000000,250.37000000,666889.82241000
20190521T,250.48000000,262.00000000,246.06000000,253.43000000,580249.69753000
20190522T,253.35000000,260.18000000,239.63000000,243.64000000,592848.95605000
20190523T,243.68000000,247.34000000,231.10000000,244.56000000,600193.89368000
20190524T,244.63000000,254.35000000,241.54000000,248.87000000,447066.92596000
20190525T,248.84000000,257.33000000,247.22000000,250.22000000,332544.38731000
20190526T,250.17000000,269.40000000,245.11000000,264.45000000,450090.22324000
20190527T,264.35000000,279.59000000,260.00000000,270.53000000,635463.50204000
20190528T,270.70000000,275.95000000,264.45000000,271.03000000,409443.69364000
20190529T,271.08000000,274.04000000,260.05000000,268.83000000,383412.45769000
20190530T,268.92000000,288.62000000,240.14000000,254.56000000,1066279.49387000
20190531T,254.59000000,268.72000000,245.21000000,267.90000000,602153.87244000
20190601T,267.90000000,275.50000000,260.68000000,264.33000000,455676.98613000
20190602T,264.33000000,273.20000000,263.20000000,268.88000000,301536.15062000
20190603T,268.87000000,270.00000000,248.00000000,249.91000000,397360.65275000
20190604T,250.02000000,251.67000000,234.39000000,241.39000000,633822.71246000
20190605T,241.46000000,250.41000000,237.37000000,245.63000000,335953.37927000
20190606T,245.62000000,250.66000000,235.01000000,248.76000000,297579.14734000
20190607T,248.77000000,253.28000000,243.46000000,248.77000000,353378.65680000
20190608T,248.78000000,250.53000000,240.37000000,243.25000000,188448.27748000
20190609T,243.33000000,244.53000000,226.56000000,230.98000000,316931.85638000
20190610T,231.02000000,247.45000000,227.03000000,246.51000000,314662.52637000
20190611T,246.61000000,247.80000000,236.49000000,244.29000000,237508.42798000
20190612T,244.36000000,261.87000000,242.20000000,261.15000000,336499.30160000
20190613T,261.13000000,262.98000000,253.69000000,254.67000000,291757.21635000
20190614T,254.67000000,264.26000000,251.75000000,262.47000000,327383.28236000
20190615T,262.48000000,272.27000000,260.61000000,267.82000000,286594.98029000
20190616T,267.78000000,277.06000000,263.31000000,267.73000000,458176.54236000
20190617T,267.73000000,276.00000000,266.81000000,273.16000000,339277.66707000
20190618T,273.14000000,273.58000000,261.45000000,264.66000000,319941.55156000
20190619T,264.68000000,270.00000000,263.59000000,268.14000000,208375.68381000
20190620T,268.16000000,273.63000000,265.71000000,271.22000000,200717.77370000
20190621T,271.27000000,295.94000000,271.22000000,294.35000000,519818.06907000
20190622T,294.25000000,314.39000000,289.69000000,310.79000000,726254.67061000
20190623T,310.70000000,321.70000000,305.58000000,308.52000000,418812.02747000
20190624T,308.42000000,314.41000000,298.00000000,311.64000000,352791.26964000
20190625T,311.65000000,318.99000000,307.00000000,318.26000000,345559.65047000
20190626T,318.29000000,366.80000000,315.57000000,339.39000000,1008551.28721000
20190627T,339.53000000,347.00000000,280.01000000,298.35000000,1016826.44900000
20190628T,298.35000000,313.58000000,295.22000000,311.05000000,529174.47722000
20190629T,310.95000000,324.74000000,295.18000000,317.62000000,425555.16264000
20190630T,317.64000000,323.50000000,290.12000000,292.70000000,489028.56835000
20190701T,292.89000000,303.49000000,280.13000000,295.07000000,489769.27421000
20190702T,295.03000000,297.57000000,272.65000000,291.48000000,493772.96579000
20190703T,291.47000000,302.89000000,285.00000000,301.14000000,370521.96637000
20190704T,301.11000000,302.74000000,280.53000000,282.73000000,270791.36878000
20190705T,282.86000000,294.89000000,280.78000000,287.47000000,261139.28341000
20190706T,287.32000000,296.71000000,285.28000000,288.29000000,196064.64705000
20190707T,288.29000000,309.69000000,284.25000000,304.72000000,246111.36595000
20190708T,304.72000000,313.74000000,300.78000000,311.97000000,289607.34177000
20190709T,311.96000000,318.19000000,302.69000000,307.46000000,309447.34927000
20190710T,307.46000000,314.18000000,281.04000000,289.23000000,457080.94063000
20190711T,289.23000000,289.23000000,262.12000000,268.63000000,501592.75211000
20190712T,268.67000000,278.99000000,266.21000000,274.62000000,266734.54213000
20190713T,274.53000000,275.04000000,262.20000000,268.79000000,205959.26849000
20190714T,268.80000000,269.74000000,222.81000000,225.85000000,540052.58421000
20190715T,225.83000000,235.58000000,203.08000000,228.20000000,715991.20688000
20190716T,228.20000000,234.50000000,192.25000000,198.88000000,715604.83198000
20190717T,198.94000000,219.86000000,191.84000000,210.81000000,694854.10132000
20190718T,210.80000000,229.65000000,205.71000000,225.73000000,609081.49094000
20190719T,225.75000000,226.23000000,212.52000000,220.73000000,371622.21865000
20190720T,220.84000000,235.09000000,219.78000000,228.20000000,325393.97225000
20190721T,228.25000000,229.66000000,216.99000000,225.38000000,270046.15190000
20190722T,225.49000000,228.34000000,212.25000000,217.51000000,271310.40446000
20190723T,217.59000000,219.55000000,208.36000000,212.48000000,317876.48242000
20190724T,212.55000000,218.28000000,202.00000000,216.31000000,331162.64840000
20190725T,216.31000000,225.12000000,215.23000000,219.14000000,280370.29627000
20190726T,219.14000000,220.00000000,212.71000000,218.81000000,197781.98653000
20190727T,218.81000000,223.30000000,203.00000000,207.30000000,301209.41113000
20190728T,207.30000000,213.52000000,198.24000000,211.62000000,218801.16693000
20190729T,211.58000000,215.83000000,206.59000000,210.89000000,226941.28000000
20190730T,210.84000000,214.36000000,204.40000000,209.58000000,222683.79393000
20190731T,209.57000000,218.79000000,209.20000000,218.42000000,207213.55658000
20190801T,218.42000000,219.39000000,210.54000000,216.84000000,186806.18844000
20190802T,216.80000000,222.18000000,214.31000000,217.61000000,206867.03039000
20190803T,217.69000000,224.51000000,216.62000000,222.14000000,181591.95296000
20190804T,222.14000000,223.34000000,216.90000000,221.79000000,135622.02580000
20190805T,221.79000000,236.25000000,221.79000000,233.54000000,307956.27211000
20190806T,233.53000000,239.15000000,223.03000000,226.28000000,341279.08159000
20190807T,226.31000000,231.25000000,220.95000000,226.10000000,279104.70370000
20190808T,226.11000000,228.50000000,215.51000000,221.39000000,236886.35423000
20190809T,221.38000000,221.79000000,207.30000000,210.53000000,232062.12757000
20190810T,210.52000000,215.00000000,202.60000000,206.48000000,252614.02389000
20190811T,206.48000000,216.94000000,206.14000000,216.42000000,188474.09048000
20190812T,216.41000000,216.81000000,209.75000000,211.41000000,122760.94619000
20190813T,211.58000000,214.30000000,204.00000000,209.30000000,166922.48201000
20190814T,209.31000000,209.90000000,183.49000000,187.10000000,325228.98931000
20190815T,187.08000000,189.95000000,181.23000000,188.03000000,237953.09426000
20190816T,187.98000000,188.39000000,178.04000000,184.88000000,282177.01584000
20190817T,184.83000000,187.00000000,181.83000000,185.59000000,138799.61508000
20190818T,185.67000000,197.91000000,183.35000000,194.33000000,175363.50620000
20190819T,194.32000000,203.59000000,192.70000000,202.28000000,239541.59780000
20190820T,202.24000000,202.75000000,194.45000000,196.60000000,189297.75494000
20190821T,196.55000000,197.20000000,179.53000000,187.45000000,284973.64194000
20190822T,187.45000000,195.14000000,182.80000000,190.35000000,245575.98772000
20190823T,190.36000000,196.19000000,188.16000000,194.02000000,192548.51552000
20190824T,194.02000000,194.09000000,185.63000000,190.60000000,167806.34294000
20190825T,190.60000000,192.40000000,182.80000000,186.54000000,169862.91522000
20190826T,186.54000000,193.70000000,186.00000000,188.67000000,254397.79472000
20190827T,188.61000000,189.49000000,184.75000000,187.24000000,157898.56300000
20190828T,187.30000000,188.25000000,166.48000000,173.03000000,334480.61761000
20190829T,173.03000000,173.50000000,163.61000000,169.01000000,295241.21600000
20190830T,169.03000000,170.77000000,165.55000000,168.50000000,238616.68868000
20190831T,168.48000000,174.98000000,165.63000000,171.57000000,194999.19583000
20190901T,171.52000000,173.42000000,167.61000000,170.74000000,191140.52368000
20190902T,170.73000000,181.00000000,170.02000000,178.05000000,294627.31247000
20190903T,178.00000000,183.00000000,174.09000000,178.75000000,327857.85447000
20190904T,178.79000000,180.14000000,173.00000000,174.72000000,286226.25171000
20190905T,174.70000000,176.19000000,168.10000000,173.75000000,232753.83596000
20190906T,173.74000000,177.87000000,165.00000000,169.08000000,315822.37984000
20190907T,169.11000000,180.80000000,168.30000000,177.62000000,253831.23169000
20190908T,177.58000000,184.18000000,176.13000000,181.19000000,290083.47501000
20190909T,181.18000000,185.38000000,176.01000000,180.54000000,273729.94868000
20190910T,180.52000000,184.36000000,177.00000000,179.81000000,238387.50999000
20190911T,179.87000000,182.80000000,173.00000000,178.28000000,278555.46708000
20190912T,178.30000000,182.38000000,176.62000000,180.72000000,203543.13663000
20190913T,180.71000000,181.38000000,177.54000000,180.95000000,264422.54059000
20190914T,180.96000000,188.79000000,179.75000000,188.13000000,279371.83423000
20190915T,188.14000000,190.45000000,185.76000000,189.03000000,288928.60827000
20190916T,189.05000000,199.44000000,188.30000000,197.22000000,551006.81686000
20190917T,197.23000000,215.13000000,195.74000000,207.84000000,715863.22620000
20190918T,207.85000000,217.27000000,207.66000000,210.21000000,539028.51013000
20190919T,210.27000000,223.94000000,202.30000000,220.24000000,844358.82155000
20190920T,220.26000000,221.54000000,212.05000000,218.03000000,437804.12669000
20190921T,218.01000000,221.50000000,213.20000000,215.05000000,417891.52420000
20190922T,215.04000000,215.61000000,206.10000000,211.20000000,445388.94787000
20190923T,211.20000000,211.68000000,198.65000000,201.29000000,392437.07084000
20190924T,201.25000000,202.98000000,150.03000000,165.81000000,1478218.82714000
20190925T,165.72000000,174.85000000,161.88000000,169.96000000,879001.46213000
20190926T,169.96000000,171.01000000,152.11000000,165.92000000,779942.17148000
20190927T,165.92000000,176.72000000,161.03000000,173.79000000,634932.96707000
20190928T,173.83000000,175.49000000,168.00000000,173.49000000,521775.46593000
20190929T,173.50000000,174.50000000,164.12000000,169.24000000,410855.12176000
20190930T,169.26000000,181.24000000,165.01000000,180.85000000,580295.39970000
20191001T,180.89000000,185.53000000,173.19000000,175.66000000,609819.60828000
20191002T,175.65000000,181.29000000,173.65000000,180.24000000,348268.11620000
20191003T,180.24000000,180.72000000,169.55000000,174.69000000,354756.78478000
20191004T,174.71000000,178.98000000,170.74000000,175.55000000,333897.63876000
20191005T,175.55000000,176.71000000,172.02000000,176.25000000,278488.61771000
20191006T,176.23000000,177.04000000,167.68000000,170.10000000,314932.39629000
20191007T,170.08000000,182.32000000,168.68000000,179.85000000,496523.48038000
20191008T,179.88000000,184.87000000,177.00000000,180.60000000,400832.37828000
20191009T,180.61000000,195.53000000,178.96000000,192.62000000,562506.82189000
20191010T,192.61000000,194.20000000,186.88000000,191.14000000,436588.58452000
20191011T,191.18000000,196.65000000,179.41000000,180.72000000,621693.63125000
20191012T,180.65000000,184.64000000,177.59000000,179.68000000,290415.22038000
20191013T,179.65000000,184.95000000,178.52000000,180.99000000,247589.23231000
20191014T,180.98000000,187.54000000,180.43000000,186.72000000,279732.84612000
20191015T,186.70000000,188.37000000,175.96000000,180.49000000,405466.38109000
20191016T,180.52000000,181.44000000,171.81000000,174.47000000,347764.93459000
20191017T,174.52000000,178.96000000,172.61000000,177.16000000,298795.81980000
20191018T,177.17000000,177.44000000,168.66000000,172.74000000,319602.48508000
20191019T,172.78000000,174.98000000,169.44000000,171.79000000,296918.73026000
20191020T,171.84000000,176.88000000,169.21000000,175.22000000,299141.07152000
20191021T,175.18000000,177.90000000,171.59000000,173.98000000,270608.51385000
20191022T,174.00000000,175.04000000,170.30000000,171.20000000,255429.41624000
20191023T,171.19000000,171.49000000,153.45000000,162.35000000,746955.09806000
20191024T,162.35000000,163.72000000,158.72000000,160.38000000,387310.83766000
20191025T,160.39000000,187.78000000,160.25000000,181.50000000,904832.86059000
20191026T,181.53000000,197.74000000,173.80000000,179.49000000,1211737.43684000
20191027T,179.42000000,188.70000000,176.22000000,183.75000000,724423.40525000
20191028T,183.84000000,189.48000000,180.35000000,181.72000000,582179.44545000
20191029T,181.67000000,192.74000000,181.26000000,190.46000000,529964.50540000
20191030T,190.45000000,191.71000000,179.28000000,183.13000000,537770.43056000
20191031T,183.14000000,185.27000000,177.66000000,182.18000000,410969.86104000
20191101T,182.19000000,184.50000000,177.02000000,182.85000000,331519.76963000
20191102T,182.86000000,186.00000000,181.53000000,182.91000000,179864.39739000
20191103T,182.90000000,184.70000000,178.95000000,181.54000000,232621.52147000
20191104T,181.53000000,188.64000000,180.36000000,185.71000000,321175.29134000
20191105T,185.71000000,192.51000000,182.22000000,188.68000000,389668.64720000
20191106T,188.65000000,195.09000000,187.72000000,191.16000000,343219.92240000
20191107T,191.16000000,192.27000000,184.59000000,186.68000000,309882.08206000
20191108T,186.67000000,188.26000000,181.41000000,183.74000000,365029.75027000
20191109T,183.71000000,185.79000000,182.63000000,184.89000000,192073.38044000
20191110T,184.86000000,191.58000000,183.30000000,188.96000000,274940.53448000
20191111T,188.96000000,190.19000000,184.06000000,184.98000000,255579.93429000
20191112T,184.98000000,187.65000000,182.41000000,187.09000000,256782.63119000
20191113T,187.09000000,189.66000000,185.30000000,188.11000000,197273.84001000
20191114T,188.07000000,188.72000000,183.34000000,184.92000000,245505.29971000
20191115T,184.93000000,186.70000000,177.67000000,180.00000000,407466.78964000
20191116T,179.99000000,183.46000000,179.30000000,182.37000000,172801.52576000
20191117T,182.37000000,186.09000000,180.00000000,183.82000000,198892.43720000
20191118T,183.82000000,184.06000000,175.01000000,178.20000000,293551.23632000
20191119T,178.20000000,178.52000000,172.65000000,175.94000000,275886.64110000
20191120T,175.93000000,177.41000000,173.50000000,174.72000000,216315.93309000
20191121T,174.75000000,175.85000000,157.26000000,161.01000000,473895.92992000
20191122T,161.02000000,162.79000000,138.00000000,149.56000000,977977.23794000
20191123T,149.55000000,154.33000000,146.11000000,151.84000000,369721.09960000
20191124T,151.84000000,152.86000000,138.62000000,139.96000000,352319.21558000
20191125T,139.99000000,151.50000000,131.45000000,145.69000000,749675.41303000
20191126T,145.81000000,149.97000000,143.37000000,147.47000000,354023.04298000
20191127T,147.47000000,155.54000000,140.84000000,152.62000000,564796.42840000
20191128T,152.61000000,154.63000000,149.09000000,150.72000000,317714.56326000
20191129T,150.69000000,157.60000000,150.23000000,154.57000000,328712.25558000
20191130T,154.54000000,155.25000000,149.70000000,151.37000000,226863.41299000
20191201T,151.43000000,152.49000000,145.79000000,150.73000000,344178.14088000
20191202T,150.72000000,151.42000000,146.71000000,148.65000000,233839.09730000
20191203T,148.66000000,149.93000000,145.77000000,147.17000000,196329.22503000
20191204T,147.19000000,151.98000000,143.15000000,145.38000000,434430.62379000
20191205T,145.45000000,149.02000000,143.64000000,148.10000000,299073.53972000
20191206T,148.11000000,149.77000000,145.74000000,148.45000000,220674.68581000
20191207T,148.46000000,149.49000000,146.85000000,147.14000000,140471.68588000
20191208T,147.16000000,151.62000000,146.11000000,150.44000000,205301.60260000
20191209T,150.44000000,151.19000000,146.56000000,147.38000000,243775.99249000
20191210T,147.40000000,148.57000000,143.81000000,145.56000000,203215.84937000
20191211T,145.53000000,146.34000000,142.12000000,143.39000000,157843.10484000
20191212T,143.41000000,145.85000000,139.24000000,144.87000000,261615.30437000
20191213T,144.87000000,146.00000000,142.80000000,144.80000000,160695.18556000
20191214T,144.80000000,145.07000000,141.18000000,141.79000000,126232.59201000
20191215T,141.79000000,144.12000000,139.92000000,142.46000000,151189.65877000
20191216T,142.46000000,142.72000000,127.93000000,132.73000000,471018.85942000
20191217T,132.72000000,132.98000000,119.11000000,121.88000000,563257.36001000
20191218T,121.88000000,134.87000000,116.26000000,132.78000000,884960.91334000
20191219T,132.80000000,134.00000000,125.69000000,128.10000000,420674.81720000
20191220T,128.10000000,129.39000000,125.84000000,128.19000000,213897.46730000
20191221T,128.19000000,128.40000000,126.50000000,126.99000000,135196.11641000
20191222T,127.00000000,133.07000000,126.82000000,132.09000000,253140.72413000
20191223T,132.12000000,135.10000000,126.00000000,127.80000000,421600.75655000
20191224T,127.80000000,129.69000000,126.61000000,127.75000000,200637.10098000
20191225T,127.70000000,127.84000000,123.07000000,125.09000000,225004.49090000
20191226T,125.09000000,132.26000000,124.32000000,125.58000000,274986.52097000
20191227T,125.58000000,127.10000000,121.91000000,126.29000000,240012.37451000
20191228T,126.28000000,129.68000000,125.84000000,128.11000000,196893.52277000
20191229T,128.11000000,138.07000000,127.52000000,134.36000000,316347.26666000
20191230T,134.36000000,136.24000000,130.30000000,131.59000000,320347.21956000
20191231T,131.61000000,133.68000000,128.17000000,129.16000000,264933.98418000
20200101T,129.16000000,133.05000000,128.68000000,130.77000000,144770.52197000
20200102T,130.72000000,130.78000000,126.38000000,127.19000000,213757.05806000
20200103T,127.19000000,135.14000000,125.88000000,134.35000000,413055.18895000
20200104T,134.37000000,135.85000000,132.50000000,134.20000000,184276.17102000
20200105T,134.20000000,138.19000000,134.19000000,135.37000000,254120.45343000
20200106T,135.37000000,144.41000000,134.86000000,144.15000000,408020.27375000
20200107T,144.14000000,145.31000000,138.76000000,142.80000000,447762.17281000
20200108T,142.80000000,147.77000000,137.03000000,140.72000000,570465.57764000
20200109T,140.76000000,141.50000000,135.30000000,137.74000000,366076.06569000
20200110T,137.73000000,145.17000000,135.32000000,144.84000000,409403.59507000
20200111T,144.83000000,148.05000000,142.09000000,142.38000000,368350.57939000
20200112T,142.40000000,146.60000000,141.76000000,146.54000000,229541.86137000
20200113T,146.56000000,147.00000000,142.27000000,143.58000000,207996.61865000
20200114T,143.58000000,171.70000000,143.51000000,165.64000000,1108476.31186000
20200115T,165.60000000,171.98000000,159.20000000,166.40000000,721687.80381000
20200116T,166.40000000,167.40000000,157.80000000,164.21000000,456170.86719000
20200117T,164.24000000,174.81000000,162.14000000,169.85000000,767180.67853000
20200118T,169.92000000,179.50000000,164.92000000,174.14000000,688783.17982000
20200119T,174.10000000,178.05000000,161.66000000,166.79000000,624681.28604000
20200120T,166.79000000,169.33000000,161.24000000,166.87000000,358092.88410000
20200121T,166.86000000,170.32000000,164.80000000,169.49000000,308007.63530000
20200122T,169.48000000,171.47000000,166.03000000,168.07000000,272240.90286000
20200123T,168.07000000,168.20000000,159.21000000,162.81000000,373414.34985000
20200124T,162.85000000,164.45000000,155.55000000,162.54000000,430013.19902000
20200125T,162.51000000,162.79000000,157.61000000,160.35000000,219921.65197000
20200126T,160.36000000,168.08000000,159.41000000,167.86000000,251582.55758000
20200127T,167.91000000,172.56000000,165.22000000,170.08000000,365894.81917000
20200128T,170.04000000,176.20000000,170.03000000,175.64000000,473433.89609000
20200129T,175.58000000,178.45000000,173.33000000,173.72000000,317382.90161000
20200130T,173.68000000,187.00000000,170.93000000,184.69000000,477721.66090000
20200131T,184.71000000,185.82000000,175.22000000,179.99000000,385596.53365000
20200201T,179.94000000,184.28000000,179.23000000,183.60000000,259370.12902000
20200202T,183.63000000,193.43000000,179.10000000,188.44000000,552621.13619000
20200203T,188.48000000,195.19000000,186.62000000,189.69000000,417175.95781000
20200204T,189.74000000,191.60000000,184.69000000,188.91000000,366389.69686000
20200205T,188.91000000,207.61000000,188.19000000,203.78000000,550942.11417000
20200206T,203.78000000,216.33000000,201.02000000,213.19000000,608240.22330000
20200207T,213.16000000,225.00000000,213.14000000,223.33000000,629361.15466000
20200208T,223.36000000,227.75000000,213.22000000,223.05000000,548551.87465000
20200209T,223.01000000,230.65000000,222.86000000,228.49000000,350336.24399000
20200210T,228.53000000,229.40000000,216.37000000,222.89000000,510415.49949000
20200211T,222.89000000,239.15000000,218.17000000,236.69000000,595576.90276000
20200212T,236.69000000,275.34000000,236.69000000,265.74000000,1038073.74782000
20200213T,265.74000000,277.69000000,256.08000000,268.32000000,1089679.15370000
20200214T,268.34000000,287.15000000,260.28000000,285.15000000,734944.32266000
20200215T,285.11000000,288.41000000,261.86000000,264.88000000,860813.14274000
20200216T,264.91000000,274.00000000,237.41000000,258.85000000,1110118.46395000
20200217T,258.89000000,268.77000000,242.00000000,267.85000000,1110371.39094000
20200218T,267.90000000,285.88000000,258.00000000,282.61000000,1115523.43992000
20200219T,282.64000000,285.00000000,251.56000000,258.45000000,705973.72988000
20200220T,258.44000000,264.33000000,245.34000000,256.96000000,972969.71691000
20200221T,256.97000000,268.24000000,253.61000000,265.27000000,525827.87340000
20200222T,265.32000000,266.81000000,256.00000000,261.57000000,313062.52133000
20200223T,261.55000000,275.68000000,261.02000000,274.48000000,444740.82883000
20200224T,274.50000000,277.20000000,257.09000000,265.52000000,696591.72983000
20200225T,265.47000000,266.22000000,244.44000000,246.67000000,774791.01027000
20200226T,246.67000000,250.32000000,215.66000000,223.93000000,1395879.41507000
20200227T,223.98000000,238.30000000,210.00000000,227.79000000,1273793.11658000
20200228T,227.73000000,234.67000000,214.01000000,226.76000000,1054994.92397000
20200229T,226.76000000,233.00000000,217.00000000,217.21000000,546866.68510000
20200301T,217.29000000,227.89000000,212.36000000,217.81000000,715016.01941000
20200302T,217.81000000,234.40000000,216.07000000,231.97000000,810051.48330000
20200303T,232.10000000,232.46000000,219.57000000,223.91000000,741498.54825000
20200304T,223.84000000,228.85000000,220.23000000,224.26000000,443780.33772000
20200305T,224.26000000,234.09000000,224.23000000,228.38000000,601479.87587000
20200306T,228.38000000,245.16000000,227.33000000,244.88000000,628147.32570000
20200307T,244.93000000,251.93000000,236.00000000,237.23000000,633748.89662000
20200308T,237.23000000,237.23000000,195.50000000,199.43000000,1278973.53741000
20200309T,199.43000000,208.62000000,190.00000000,202.81000000,1661331.83553000
20200310T,202.79000000,206.20000000,195.54000000,200.70000000,1020260.10700000
20200311T,200.74000000,203.18000000,181.73000000,194.61000000,1079824.90167000
20200312T,194.61000000,195.55000000,101.20000000,107.82000000,3814533.14046000
20200313T,107.67000000,139.68000000,86.00000000,134.06000000,4663239.92861000
20200314T,134.06000000,134.68000000,120.00000000,122.54000000,1237674.88642000
20200315T,122.54000000,133.50000000,120.16000000,123.78000000,1312950.90137000
20200316T,123.82000000,124.33000000,101.10000000,111.02000000,2442064.14448000
20200317T,111.02000000,120.80000000,109.38000000,115.67000000,1295108.48480000
20200318T,115.67000000,118.50000000,109.86000000,118.11000000,1201850.31275000
20200319T,118.11000000,143.13000000,115.46000000,136.30000000,1801071.18816000
20200320T,136.30000000,152.55000000,116.74000000,133.48000000,2504057.63799000
20200321T,133.49000000,137.49000000,125.69000000,132.66000000,1231842.11121000
20200322T,132.63000000,137.13000000,121.10000000,122.32000000,1055699.86532000
20200323T,122.31000000,137.50000000,119.50000000,135.92000000,1436796.12449000
20200324T,135.89000000,143.36000000,132.20000000,138.42000000,1244377.16334000
20200325T,138.42000000,142.33000000,132.54000000,136.10000000,1034248.74369000
20200326T,136.11000000,139.74000000,133.26000000,138.40000000,751060.63102000
20200327T,138.40000000,141.27000000,129.68000000,131.33000000,706948.54559000
20200328T,131.33000000,132.97000000,124.88000000,130.98000000,896032.10594000
20200329T,130.94000000,131.84000000,123.81000000,124.50000000,543997.00000000
20200330T,124.47000000,135.42000000,124.06000000,132.06000000,764831.92747000
20200331T,132.09000000,135.00000000,130.38000000,132.72000000,547669.27789000
20200401T,132.72000000,136.99000000,128.62000000,135.69000000,680922.24747000
20200402T,135.65000000,149.76000000,135.01000000,141.28000000,1138977.66114000
20200403T,141.27000000,146.72000000,137.26000000,141.31000000,797546.11446000
20200404T,141.30000000,146.28000000,138.88000000,144.10000000,573508.14086000
20200405T,144.10000000,145.58000000,140.68000000,142.68000000,414987.45246000
20200406T,142.69000000,172.00000000,142.60000000,171.32000000,1636338.73110000
20200407T,171.32000000,176.22000000,162.22000000,164.63000000,1717962.82538000
20200408T,164.62000000,174.48000000,163.59000000,173.11000000,1023575.92076000
20200409T,173.15000000,173.38000000,165.19000000,169.52000000,719837.24423000
20200410T,169.56000000,170.10000000,152.11000000,157.81000000,1314841.36200000
20200411T,157.81000000,161.37000000,153.91000000,158.33000000,621599.61289000
20200412T,158.33000000,164.78000000,155.00000000,158.59000000,809100.24594000
20200413T,158.56000000,158.97000000,150.00000000,156.29000000,1042091.03622000
20200414T,156.28000000,161.85000000,155.23000000,158.45000000,698030.65089000
20200415T,158.46000000,161.29000000,152.00000000,152.73000000,729119.66505000
20200416T,152.74000000,174.79000000,148.33000000,172.29000000,1647207.59991000
20200417T,172.31000000,174.96000000,168.31000000,170.69000000,723537.75591000
20200418T,170.61000000,189.54000000,170.48000000,187.40000000,1127296.36979000
20200419T,187.40000000,188.35000000,175.75000000,180.03000000,995759.57750000
20200420T,180.02000000,186.46000000,166.70000000,170.20000000,1547821.52737000
20200421T,170.21000000,174.70000000,168.00000000,170.74000000,906381.65398000
20200422T,170.73000000,184.00000000,169.78000000,182.70000000,988698.39076000
20200423T,182.70000000,193.63000000,178.16000000,185.51000000,1457867.08713000
20200424T,185.57000000,189.80000000,184.72000000,187.59000000,780904.21257000
20200425T,187.60000000,198.36000000,185.76000000,194.21000000,866478.04928000
20200426T,194.21000000,200.00000000,192.30000000,197.38000000,758525.81533000
20200427T,197.39000000,199.05000000,189.29000000,196.34000000,896627.37271000
20200428T,196.33000000,198.50000000,192.36000000,196.24000000,636829.89397000
20200429T,196.24000000,218.77000000,196.22000000,215.36000000,1620422.72431000
20200430T,215.40000000,227.30000000,202.00000000,206.08000000,1749691.00151000
20200501T,206.07000000,217.14000000,205.91000000,212.02000000,794913.95828000
20200502T,212.01000000,215.37000000,210.36000000,213.90000000,443494.67248000
20200503T,213.89000000,219.30000000,203.92000000,209.86000000,748383.91311000
20200504T,209.86000000,210.65000000,194.88000000,206.48000000,1114249.32658000
20200505T,206.47000000,211.68000000,201.00000000,205.29000000,640644.66268000
20200506T,205.30000000,210.77000000,197.71000000,198.97000000,862700.67849000
20200507T,198.92000000,215.10000000,196.43000000,212.00000000,1305778.73764000
20200508T,212.01000000,216.61000000,206.90000000,211.31000000,917908.19440000
20200509T,211.32000000,214.60000000,208.40000000,210.07000000,587871.98073000
20200510T,210.09000000,210.18000000,179.59000000,187.54000000,1473226.05475000
20200511T,187.62000000,193.50000000,176.00000000,185.73000000,1093299.81927000
20200512T,185.80000000,192.24000000,185.48000000,189.76000000,669755.79567000
20200513T,189.77000000,201.00000000,188.35000000,199.58000000,806143.00704000
20200514T,199.61000000,206.02000000,195.67000000,203.29000000,1114700.24937000
20200515T,203.29000000,204.08000000,191.66000000,194.86000000,904749.63570000
20200516T,194.87000000,203.50000000,193.21000000,200.45000000,669900.03754000
20200517T,200.44000000,209.85000000,199.68000000,207.00000000,708711.89315000
20200518T,207.02000000,217.07000000,207.00000000,214.91000000,1064139.24850000
20200519T,214.92000000,215.95000000,209.45000000,214.58000000,643702.98849000
20200520T,214.60000000,215.75000000,204.27000000,209.98000000,679532.61037000
20200521T,209.99000000,211.64000000,191.71000000,198.74000000,1003923.43420000
20200522T,198.72000000,209.19000000,196.24000000,207.36000000,787672.36081000
20200523T,207.36000000,211.20000000,204.55000000,206.60000000,478559.92006000
20200524T,206.60000000,210.55000000,199.50000000,199.90000000,673535.05784000
20200525T,199.90000000,205.67000000,198.01000000,204.15000000,469931.62492000
20200526T,204.22000000,205.00000000,196.90000000,200.89000000,477176.73530000
20200527T,200.92000000,208.44000000,200.76000000,208.29000000,494816.72727000
20200528T,208.29000000,220.50000000,204.67000000,220.21000000,643945.97769000
20200529T,220.24000000,224.79000000,217.57000000,220.67000000,603058.07590000
20200530T,220.63000000,247.00000000,218.80000000,243.66000000,1019550.75146000
20200531T,243.71000000,245.39000000,229.58000000,231.57000000,821608.68884000
20200601T,231.56000000,250.68000000,230.66000000,248.23000000,823816.69936000
20200602T,248.23000000,253.80000000,225.00000000,237.71000000,955520.91863000
20200603T,237.71000000,245.00000000,232.71000000,244.52000000,502928.13371000
20200604T,244.54000000,246.60000000,236.00000000,243.21000000,669369.33920000
20200605T,243.22000000,247.87000000,239.14000000,240.03000000,502547.41103000
20200606T,240.04000000,244.70000000,237.83000000,241.94000000,389423.07798000
20200607T,241.94000000,245.37000000,234.60000000,244.56000000,571102.55515000
20200608T,244.57000000,247.70000000,240.59000000,246.40000000,383116.54719000
20200609T,246.37000000,249.82000000,238.00000000,243.80000000,420327.17133000
20200610T,243.79000000,250.28000000,242.00000000,247.78000000,431285.61715000
20200611T,247.78000000,250.09000000,226.20000000,230.51000000,816456.89161000
20200612T,230.46000000,239.38000000,228.19000000,237.55000000,446515.34124000
20200613T,237.55000000,238.73000000,234.66000000,238.11000000,253797.78090000
20200614T,238.13000000,238.59000000,229.83000000,231.77000000,304943.21188000
20200615T,231.74000000,233.55000000,218.27000000,230.86000000,875026.92057000
20200616T,230.86000000,236.00000000,228.70000000,235.30000000,499194.66758000
20200617T,235.31000000,237.30000000,227.65000000,233.82000000,478187.29170000
20200618T,233.82000000,234.65000000,227.93000000,231.27000000,334347.79917000
20200619T,231.26000000,231.95000000,226.74000000,229.00000000,397284.59808000
20200620T,229.00000000,230.85000000,225.62000000,228.89000000,303704.98826000
20200621T,228.88000000,231.49000000,227.11000000,228.04000000,256305.23734000
20200622T,228.03000000,246.89000000,227.51000000,243.13000000,749030.11114000
20200623T,243.11000000,244.87000000,240.75000000,243.14000000,442296.31477000
20200624T,243.15000000,249.24000000,231.07000000,234.58000000,921634.05340000
20200625T,234.57000000,235.39000000,227.56000000,232.50000000,613748.59348000
20200626T,232.49000000,233.61000000,227.75000000,229.64000000,628340.07007000
20200627T,229.66000000,231.42000000,216.00000000,220.94000000,645950.61438000
20200628T,220.94000000,227.96000000,218.32000000,224.93000000,444766.56881000
20200629T,224.89000000,229.96000000,221.26000000,227.93000000,597915.52242000
20200630T,227.98000000,228.70000000,222.91000000,225.60000000,415036.02977000
20200701T,225.59000000,232.71000000,224.16000000,230.99000000,517351.58865000
20200702T,230.99000000,232.01000000,222.87000000,226.46000000,592485.91115000
20200703T,226.46000000,228.13000000,223.97000000,224.87000000,314578.50040000
20200704T,224.86000000,230.71000000,224.43000000,229.17000000,307726.46593000
20200705T,229.24000000,229.85000000,223.05000000,227.56000000,355747.12006000
20200706T,227.54000000,242.00000000,226.93000000,241.60000000,864817.50700000
20200707T,241.60000000,243.77000000,234.40000000,239.39000000,600424.97209000
20200708T,239.39000000,248.88000000,237.78000000,246.95000000,958185.83708000
20200709T,246.94000000,247.90000000,237.88000000,241.98000000,647641.58291000
20200710T,241.97000000,242.16000000,235.72000000,241.26000000,455025.12385000
20200711T,241.27000000,241.67000000,237.54000000,239.19000000,294476.00626000
20200712T,239.19000000,244.00000000,236.52000000,242.79000000,469315.11720000
20200713T,242.76000000,245.33000000,237.33000000,239.50000000,604093.04245000
20200714T,239.50000000,242.09000000,237.00000000,240.44000000,426320.89188000
20200715T,240.45000000,241.45000000,236.83000000,238.61000000,368350.66518000
20200716T,238.59000000,239.39000000,230.02000000,233.57000000,587161.73894000
20200717T,233.58000000,234.84000000,231.65000000,232.67000000,325600.21444000
20200718T,232.66000000,236.80000000,232.32000000,235.67000000,341356.61820000
20200719T,235.67000000,239.92000000,233.28000000,239.11000000,348803.52073000
20200720T,239.12000000,239.72000000,234.05000000,236.01000000,396657.91938000
20200721T,236.00000000,246.66000000,235.57000000,245.59000000,637462.08074000
20200722T,245.53000000,269.61000000,241.51000000,263.74000000,718417.68296000
20200723T,263.75000000,279.98000000,259.70000000,275.30000000,1068774.57879000
20200724T,275.31000000,287.34000000,266.00000000,279.15000000,926033.06692000
20200725T,279.15000000,308.94000000,279.09000000,305.26000000,1058927.30554000
20200726T,305.31000000,318.75000000,299.00000000,311.00000000,1270368.75300000
20200727T,311.02000000,333.31000000,310.78000000,321.93000000,1636122.34727000
20200728T,321.95000000,326.80000000,305.86000000,316.77000000,1093231.55578000
20200729T,316.77000000,325.00000000,312.38000000,317.71000000,792802.32148000
20200730T,317.76000000,342.00000000,314.05000000,334.87000000,1008827.56698000
20200731T,334.82000000,349.45000000,328.40000000,346.33000000,948088.44982000
20200801T,346.32000000,392.67000000,343.07000000,387.00000000,1440843.34203000
20200802T,387.01000000,415.85000000,325.00000000,372.42000000,2324909.09616000
20200803T,372.45000000,398.00000000,366.50000000,385.94000000,1191565.09389000
20200804T,385.91000000,402.98000000,380.77000000,389.61000000,1180792.42379000
20200805T,389.59000000,407.00000000,384.11000000,400.72000000,1124119.06720000
20200806T,400.72000000,403.66000000,390.51000000,394.77000000,821379.08397000
20200807T,394.77000000,398.26000000,362.85000000,379.34000000,1041207.35946000
20200808T,379.34000000,397.05000000,375.79000000,397.03000000,623029.78053000
20200809T,397.05000000,400.00000000,383.36000000,390.14000000,594900.58133000
20200810T,390.14000000,399.18000000,385.13000000,395.44000000,826969.90633000
20200811T,395.43000000,398.21000000,367.00000000,379.00000000,992412.60230000
20200812T,378.99000000,389.23000000,365.85000000,387.18000000,751848.79830000
20200813T,387.18000000,431.49000000,376.59000000,424.54000000,1511330.77320000
20200814T,424.54000000,444.71000000,417.05000000,438.11000000,1109670.94324000
20200815T,438.12000000,442.94000000,427.02000000,432.32000000,681698.59710000
20200816T,432.30000000,436.99000000,412.47000000,433.62000000,716666.25258000
20200817T,433.61000000,446.00000000,420.37000000,430.89000000,868870.64996000
20200818T,430.89000000,433.81000000,415.00000000,421.95000000,743254.57018000
20200819T,421.92000000,426.75000000,393.25000000,407.46000000,978339.69221000
20200820T,407.46000000,418.98000000,402.07000000,415.94000000,663555.73445000
20200821T,415.94000000,418.68000000,385.10000000,387.97000000,860998.72560000
20200822T,387.93000000,397.04000000,379.92000000,395.24000000,643235.76543000
20200823T,395.23000000,396.95000000,383.15000000,390.71000000,445317.81989000
20200824T,390.72000000,410.42000000,387.44000000,407.68000000,717403.81877000
20200825T,407.68000000,409.06000000,370.00000000,382.93000000,970445.38395000
20200826T,382.91000000,392.91000000,377.37000000,385.81000000,738690.77940000
20200827T,385.81000000,397.10000000,371.48000000,383.27000000,877763.73658000
20200828T,383.31000000,398.00000000,379.75000000,395.11000000,732601.46905000
20200829T,395.10000000,405.69000000,391.88000000,398.65000000,659802.63344000
20200830T,398.65000000,429.89000000,398.30000000,428.94000000,894979.71788000
20200831T,428.94000000,439.00000000,418.04000000,433.79000000,1040748.68881000
20200901T,433.80000000,488.84000000,429.03000000,475.40000000,1751354.57719000
20200902T,475.40000000,481.39000000,420.00000000,439.50000000,1880642.46853000
20200903T,439.50000000,450.70000000,372.00000000,381.40000000,2408569.34151000
20200904T,381.35000000,400.21000000,357.00000000,385.26000000,1806488.22474000
20200905T,385.30000000,395.00000000,308.42000000,335.01000000,2777166.51389000
20200906T,335.04000000,360.00000000,316.10000000,352.80000000,2017811.14721000
20200907T,352.85000000,358.51000000,323.00000000,353.59000000,1740618.42462000
20200908T,353.59000000,356.58000000,325.38000000,337.39000000,1400246.82962000
20200909T,337.41000000,359.00000000,330.51000000,350.85000000,879760.56255000
20200910T,350.85000000,377.25000000,349.91000000,367.93000000,1134287.61137000
20200911T,367.93000000,375.27000000,355.49000000,373.63000000,844017.59966000
20200912T,373.62000000,388.57000000,364.73000000,387.78000000,766542.31635000
20200913T,387.78000000,390.43000000,350.00000000,366.42000000,989195.69047000
20200914T,366.43000000,384.64000000,355.73000000,377.12000000,1042059.62265000
20200915T,377.12000000,382.47000000,362.34000000,364.06000000,883856.33005000
20200916T,364.05000000,373.45000000,355.00000000,365.11000000,841709.98939000
20200917T,365.04000000,394.14000000,363.30000000,389.36000000,1256300.41100000
20200918T,389.35000000,392.58000000,375.33000000,384.39000000,804194.47219000
20200919T,384.40000000,388.72000000,377.00000000,385.25000000,570908.33553000
20200920T,385.25000000,385.45000000,365.00000000,371.04000000,693164.40144000
20200921T,371.04000000,376.80000000,331.00000000,340.36000000,1283946.03098000
20200922T,340.31000000,346.91000000,335.34000000,344.21000000,842731.12878000
20200923T,344.18000000,344.65000000,313.29000000,320.72000000,940904.49756000
20200924T,320.72000000,353.10000000,316.67000000,348.97000000,1071705.09721000
20200925T,348.97000000,358.00000000,337.58000000,351.92000000,860643.77924000
20200926T,351.93000000,356.40000000,345.88000000,353.92000000,530879.20755000
20200927T,353.95000000,362.14000000,347.24000000,357.49000000,569568.55041000
20200928T,357.58000000,368.20000000,351.70000000,353.96000000,757758.43040000
20200929T,353.91000000,360.63000000,350.45000000,359.79000000,585143.16892000
20200930T,359.78000000,361.50000000,351.56000000,359.83000000,498943.23226000
20201001T,359.83000000,370.45000000,345.51000000,352.85000000,758349.31959000
20201002T,352.83000000,354.55000000,334.24000000,345.60000000,733571.84211000
20201003T,345.60000000,351.00000000,343.70000000,345.95000000,303595.71901000
20201004T,345.94000000,354.45000000,343.81000000,352.37000000,343932.91712000
20201005T,352.34000000,356.10000000,348.54000000,353.62000000,376740.30692000
20201006T,353.63000000,355.10000000,336.80000000,340.75000000,640063.26951000
20201007T,340.80000000,342.85000000,332.18000000,341.58000000,541928.86376000
20201008T,341.58000000,353.32000000,334.21000000,350.95000000,631794.87560000
20201009T,350.94000000,368.33000000,347.32000000,365.02000000,650478.19338000
20201010T,365.01000000,378.40000000,364.71000000,370.52000000,591005.32129000
20201011T,370.51000000,377.60000000,368.87000000,374.16000000,373318.23779000
20201012T,374.17000000,394.80000000,365.58000000,386.51000000,844422.65444000
20201013T,386.51000000,387.75000000,374.51000000,381.04000000,645141.91394000
20201014T,381.05000000,387.41000000,373.13000000,378.69000000,569557.82936000
20201015T,378.69000000,381.79000000,369.85000000,377.64000000,634038.09453000
20201016T,377.63000000,379.83000000,361.18000000,365.50000000,654029.36404000
20201017T,365.50000000,370.46000000,363.36000000,368.32000000,285578.24537000
20201018T,368.31000000,378.64000000,367.10000000,378.11000000,323468.47095000
20201019T,378.12000000,384.32000000,372.50000000,379.30000000,577252.90265000
20201020T,379.30000000,380.73000000,365.27000000,368.52000000,617309.81677000
20201021T,368.53000000,401.49000000,367.74000000,390.38000000,1221663.63784000
20201022T,390.31000000,420.73000000,390.21000000,413.98000000,1095897.20667000
20201023T,413.94000000,419.33000000,401.30000000,409.11000000,727832.32240000
20201024T,409.19000000,416.66000000,407.00000000,412.14000000,419236.87106000
20201025T,412.14000000,417.40000000,402.50000000,405.86000000,415586.97610000
20201026T,405.85000000,411.11000000,382.30000000,392.52000000,895142.67266000
20201027T,392.52000000,410.25000000,389.90000000,403.45000000,754244.37552000
20201028T,403.41000000,409.20000000,380.52000000,388.23000000,855275.46882000
20201029T,388.22000000,393.72000000,380.52000000,387.13000000,573096.01416000
20201030T,387.12000000,391.97000000,373.29000000,382.49000000,771750.74746000
20201031T,382.59000000,394.88000000,379.90000000,386.46000000,467453.81050000
20201101T,386.44000000,398.29000000,384.61000000,396.67000000,438952.95565000
20201102T,396.68000000,404.50000000,377.92000000,383.02000000,779968.57957000
20201103T,383.01000000,390.00000000,370.23000000,387.88000000,752954.37114000
20201104T,387.88000000,408.39000000,376.47000000,402.49000000,1157064.35076000
20201105T,402.50000000,420.40000000,396.14000000,416.69000000,1475139.77342000
20201106T,416.73000000,458.27000000,414.76000000,455.91000000,1682440.96026000
20201107T,455.91000000,468.28000000,424.14000000,435.21000000,1653416.59610000
20201108T,435.20000000,460.10000000,431.99000000,454.30000000,840908.46841000
20201109T,454.29000000,459.10000000,433.09000000,444.32000000,1099213.24641000
20201110T,444.32000000,455.00000000,438.70000000,450.34000000,866872.41108000
20201111T,450.34000000,476.25000000,449.28000000,463.09000000,1205782.84262000
20201112T,463.09000000,470.00000000,451.20000000,462.39000000,990776.62912000
20201113T,462.48000000,478.01000000,457.12000000,476.43000000,976665.09752000
20201114T,476.42000000,477.47000000,452.00000000,460.89000000,735252.78540000
20201115T,460.90000000,462.89000000,440.19000000,448.08000000,665217.56671000
20201116T,448.07000000,466.00000000,445.45000000,460.55000000,812060.44638000
20201117T,460.51000000,484.88000000,459.80000000,482.15000000,1151573.37456000
20201118T,482.11000000,495.31000000,456.60000000,478.41000000,1477696.29116000
20201119T,478.43000000,480.75000000,464.86000000,471.25000000,817418.52685000
20201120T,471.26000000,514.40000000,470.65000000,510.12000000,1516361.90736000
20201121T,510.12000000,553.32000000,502.82000000,552.35000000,1548851.29067000
20201122T,552.42000000,580.88000000,511.28000000,560.03000000,1850317.93581000
20201123T,560.03000000,610.85000000,550.12000000,608.58000000,2076008.84846000
20201124T,608.58000000,623.00000000,585.00000000,604.97000000,1606450.49193000
20201125T,604.98000000,606.00000000,553.83000000,569.50000000,1219440.02727000
20201126T,569.38000000,577.14000000,481.00000000,519.83000000,2683460.74171000
20201127T,519.83000000,530.62000000,493.72000000,518.68000000,1088064.28114000
20201128T,518.59000000,547.94000000,506.59000000,537.52000000,900508.61431000
20201129T,537.50000000,576.90000000,530.32000000,576.30000000,855276.46664000
20201130T,576.32000000,616.85000000,570.07000000,616.66000000,1501989.45408000
20201201T,616.65000000,635.70000000,560.00000000,585.26000000,2163875.81376000
20201202T,585.26000000,604.93000000,575.00000000,596.89000000,1069538.65619000
20201203T,596.88000000,623.44000000,585.82000000,615.85000000,935687.91723000
20201204T,615.84000000,620.00000000,565.82000000,567.24000000,1052452.78666000
20201205T,567.24000000,597.11000000,560.88000000,596.80000000,701567.95564000
20201206T,596.82000000,607.50000000,583.00000000,601.54000000,602496.96339000
20201207T,601.59000000,603.15000000,584.22000000,591.28000000,498329.37589000
20201208T,591.27000000,595.00000000,549.22000000,554.94000000,804443.00717000
20201209T,554.92000000,578.08000000,530.43000000,573.09000000,997192.16738000
20201210T,573.20000000,575.70000000,548.11000000,558.99000000,608414.51466000
20201211T,558.99000000,560.80000000,535.50000000,544.43000000,768921.78317000
20201212T,544.46000000,574.00000000,543.10000000,568.04000000,573913.95311000
20201213T,568.09000000,595.00000000,563.22000000,590.70000000,657794.46158000
20201214T,590.81000000,591.48000000,575.60000000,586.29000000,493012.02706000
20201215T,586.29000000,597.20000000,578.58000000,588.64000000,569270.52011000
20201216T,588.78000000,640.00000000,580.71000000,637.18000000,1185588.05078000
20201217T,637.18000000,676.25000000,625.76000000,642.70000000,2006130.01975000
20201218T,642.71000000,664.61000000,629.40000000,653.85000000,1000012.98018000
20201219T,653.76000000,669.95000000,645.42000000,658.03000000,858803.88459000
20201220T,658.05000000,661.39000000,621.01000000,638.18000000,823958.22843000
20201221T,638.10000000,648.00000000,595.90000000,607.58000000,843251.16565000
20201222T,607.68000000,637.73000000,588.00000000,636.45000000,918851.25654000
20201223T,636.41000000,638.44000000,551.28000000,585.56000000,1208807.36518000
20201224T,585.48000000,615.02000000,565.43000000,612.31000000,886335.86333000
20201225T,612.31000000,626.43000000,604.28000000,624.69000000,317252.41620000
